Ventas;;;2020;2021;2022;2023;2024;2025;;;;;;;;;
;Part number;Catalog Type;;;;;;January;February;March;April;May;June;July;August;September;October
;AB016401;INV;1232;1609;1734;1622;1807;85;86;80;253;131;143;94;155;223;6
;AB016501;INV;2;;;1;2;;;;;;;;;;
;AB026401;INV;127;137;91;98;71;1;5;4;10;2;4;5;4;;
;AB030701;INV;68;152;103;105;59;3;2;;1;5;21;3;4;;
;AB030701;PKG;767;1155;790;295;272;12;7;15;7;39;46;20;10;25;
;AB035001;INV;;;;6;;;;;;;;;;;
;AB036401;INV;474;698;685;517;444;11;19;30;56;12;71;12;11;63;12
;AB040501;INV;38;1;;5;;;;;;;;;;;
;AB040501;PKG;365;27;;;;;;;;;;;;;
;AB040701;INV;67;5;-1;17;;;;;;;;;;;
;AB040701;PKG;979;108;;;;;;;;;;;;;
;AB070501;INV;95;3;2;5;2;;;;;;;;;;
;AB070501;PKG;622;17;;;;;;;;;;;;;
;AB0705BW01;PKG;180;;;;;;;;;;;;;;
;AB070701;INV;217;32;;16;2;;;;;;;;;;
;AB070701;PKG;1417;88;;;;;;;;;;;;;
;AB0828101;INV;27;36;65;43;27;2;3;;;3;;2;;;
;AB0828501;INV;44;78;120;63;85;2;3;2;6;;16;6;3;9;2
;AB0834901;INV;4;15;19;9;1;;;;1;;;4;1;;
;AB0834901;PKG;;1;19;33;41;3;8;2;4;13;21;8;;7;
;AB0836501;INV;9;43;22;27;23;;1;;2;;3;2;3;;
;AB0836501;PKG;;1;43;36;80;5;4;9;6;3;3;;5;7;
;AB0839501;INV;1;;;;;;;;;;;;;;
;AB0841401;INV;36;77;52;41;20;1;1;1;2;2;1;3;4;1;
;AB0841701;INV;;1;;;;;;;;;;;;;
;AB0842701;INV;14;18;11;12;16;;;;;;2;;;2;
;AB0843001;INV;6;10;15;6;7;;;;;;;2;;;
;AB099201;INV;3;32;13;7;15;2;2;-5;;;;1;;1;
;AB099201;PKG;181;6756;5842;4452;4708;153;215;162;342;426;498;156;154;368;35
;AB0992SP01;INV;311;400;560;472;403;25;33;22;68;47;55;22;21;27;4
;AB0992SP01;PKG;;;15;;;;;;;;;;;;
;AB100101;INV;1793;4184;3047;1918;186;;;;;;;;;;
;AB1001BE01;INV;400;800;705;305;6;;;;;;;;;;
;AB1001M01;INV;;;;;1510;55;52;53;327;118;95;67;18;269;22
;AB100201;INV;2120;4143;3421;1412;220;;;;;;;;;;
;AB1002M01;INV;;;;500;1114;59;130;117;40;219;116;46;110;149;39
;AB100601;INV;;;;2;;;;;;;;;;;
;AB101101;INV;231;298;320;210;1;;;;;;;;;;
;AB101201;INV;145;295;291;223;;;;;;;;;;;
;AB101501;INV;;14;9;16;;;;;;;;;;;
;AB1015FW01;INV;;;;4;;;;;;;;;;;
;AB1018A01;INV;494;856;801;715;70;;;;;;;;;;
;AB1018AM01;INV;;;;;423;46;37;18;42;18;69;28;40;72;6
;AB1018C01;INV;317;760;854;616;109;;;;;;;;;;
;AB1018CM01;INV;;;;;510;34;61;16;55;40;55;20;18;46;18
;AB1019A01;INV;228;536;343;182;49;;;;1;;;;;;
;AB1019AM01;INV;;;;;156;40;9;32;8;21;21;15;8;11;
;AB1019C01;INV;334;468;373;395;28;;;;;;;;;;
;AB1019CM01;INV;;;;;283;14;11;14;10;28;39;49;19;12;10
;AB102001;INV;-1;;;;;;;;;;;;;;
;AB102001;PKG;342;278;78;173;1;;;;;;;;;;
;AB1030-24601;INV;52;128;106;48;48;3;4;1;2;;3;5;3;8;
;AB106301;INV;46;23;32;30;16;1;;1;3;;;2;5;2;
;AB106401;INV;1064;1479;1500;1356;1225;19;32;56;167;51;148;12;19;59;15
;AB107501;INV;57;49;102;33;33;;;3;;;14;5;4;2;
;AB107501;PKG;;;209;11;;;;;;;;;;;
;AB109101;INV;86;67;61;84;40;;7;;;1;2;1;9;4;2
;AB116401;INV;3;22;26;12;27;5;1;1;2;1;5;7;2;;
;AB120501;INV;79;100;16;;;;;;;;;;;;
;AB120501;PKG;122;119;30;;;;;;;;;;;;
;AB130-506101;INV;14;10;2;;;;;;;;;;;;
;AB14360001;INV;;;;31;82;;5;;;;;;;;
;AB14370001;INV;;;;13;21;;;;;;;;;;
;AB14380001;INV;;;;;13;3;;;;;2;;;;
;AB14410001;INV;;;;28;151;;;;;;;;;;
;AB14460001;INV;;;;;1;;;;;;;;;;
;AB146401;INV;92;131;116;99;146;1;;12;31;1;26;3;2;11;1
;AB15020001;INV;;;;23;157;;;;18;15;;15;;;
;AB150501;INV;55;96;32;;;;;;1;;;;;;
;AB150501;PKG;186;168;42;;;;;;;;;;;;
;AB15060001;INV;;;;;12;;;5;5;;;;;;
;AB15080001;INV;;;;;;;;;;10;32;18;;-50;
;AB15090001;INV;;;;;19;1;1;9;;;;;;;
;AB15110001;INV;;;;21;472;31;89;16;;;78;;;;
;AB15120001;INV;;;;18;164;;;11;5;15;19;17;13;;
;AB15660001;INV;;;;25;66;;;;5;23;6;24;;;
;AB15670001;INV;;;;35;113;;22;10;8;6;;25;15;;
;AB15740001;INV;;;;;19;;;;;3;;;;;
;AB16700001;INV;;;;6;5;;;;;;;;;;
;AB16710001;INV;;;;;1;;;;;;;;;;
;AB16960001;INV;;;;3;4;;;;;;;;;;
;AB17540001;INV;;;;100;406;;;;;;30;;70;;
;AB17550001;INV;;;;109;186;;48;10;27;25;15;;30;6;
;AB17590001;INV;;;;10;19;;;;;;;;;;
;AB17650001;INV;;;;;7;;1;4;;;;;;;
;AB17920001;INV;;;;;;;;3;7;4;;;;;
;AB17930001;INV;;;;;4;1;;8;;;;;;;
;AB17990001;INV;;;;;1;;;;;;;;;;
;AB18030001;INV;;;;;8;;;;;;;;;;
;AB181101;INV;233;234;227;231;115;9;3;5;1;7;5;2;12;4;
;AB181101;PKG;613;768;823;514;562;1;84;32;20;25;33;42;26;29;13
;AB18270001;INV;;;;;3;;;;2;;;;;;
;AB191001;INV;6;9;10;12;1;;;;;;;;;;
;AB191001;PKG;16;16;40;18;5;;;;;;;;;;
;AB191101;INV;;;;;12;;3;1;;1;1;2;1;1;
;AB191101;PKG;;;;;51;;3;1;6;6;7;8;3;14;
;AB19130001;INV;;;;69;193;50;;17;46;;;;;;
;AB19140001;INV;;;;68;379;153;60;;;;;;;;
;AB19580001;INV;;;;6;8;;;;;;;;;;
;AB201001;INV;128;201;135;108;87;6;6;;;1;;-1;;8;
;AB201001;PKG;144;201;319;153;88;16;1;16;20;14;;1;22;4;2
;AB20180001;INV;;;;;;;;;;;;7;;;
;AB20770001;INV;;;;15;57;;4;2;;;;10;10;;
;AB208700-RIGHTANGLE01;INV;;;;3;20;;;;;;;;;;
;AB208800-RIGHTANGLE01;INV;;;;14;28;;;;;;;;;;
;AB208800-STRAIGHT01;INV;;;;;1;;;;;;;;;;
;AB20900001;INV;;;;6;8;;;;;;;;;;
;AB20910001;INV;;;;;25;;2;;4;3;;;;;
;AB20920001;INV;;;;;10;;;;;;;;;;
;AB20930001;INV;;;;;16;;;;;;;;;;
;AB20960001;INV;;;;;12;;;;;2;5;5;;10;
;AB20980001;INV;;;;;;;;;;;10;;;;
;AB21230001;INV;;;;18;60;;11;25;11;1;;;;;
;AB21380001;INV;;;;8;9;;;;;;;;;;
;AB21390001;INV;;;;;4;;;;;;;;;;
;AB21620001;INV;;;;53;84;;;;;;;;;;
;AB21750001;INV;;;;6;5;;;;;;;;;;
;AB21820001;INV;;;;3;1;;;;;;;;;;
;AB21950001;INV;;;;;8;;1;;;;2;;5;;
;AB22020001;INV;;;;;7;;;;;2;;3;;;
;AB22030001;INV;;;;;21;9;;;;;;;;;
;AB22060001;INV;;;;3;6;;;;;;2;3;;;
;AB22080001;INV;;;;3;4;;;;;;;;;;
;AB22110001;INV;;;;;24;;;;;;;;;;
;AB22120001;INV;;;;11;16;;;;;;;;;;
;AB22130001;INV;;;;11;11;;;;;;;;;;
;AB22140001;INV;;;;;2;;;;;;;;;;
;AB22150001;INV;;;;;1;;;;;;;;;;
;AB22160001;INV;;;;;2;;;;;;;;;;
;AB22170001;INV;;;;6;10;;;;;;;;;;
;AB22180001;INV;;;;3;7;;;;;;;;;;
;AB22190001;INV;;;;;3;;;;;;;;;;
;AB22220001;INV;;;;;;;;;;;21;;;20;
;AB22310001;INV;;;;53;156;;;;;;;;40;;
;AB22320001;INV;;;;;69;;;;;;;10;;;
;AB22330001;INV;;;;6;35;;;2;7;;;;;;
;AB22340001;INV;;;;36;76;;55;;3;12;;;8;2;
;AB22740001;INV;;;;;1;;;;;;;;;;
;AB22770001;INV;;;;6;18;;;;;;;2;3;;
;AB22780001;INV;;;;15;22;;;12;;13;;1;;;
;AB22800001;INV;;;;;7;;;2;;;;;;;
;AB22900001;INV;;;;76;135;;;14;38;11;;20;;;
;AB22910001;INV;;;;45;47;;;;;8;8;;;;
;AB22940001;INV;;;;3;8;;;;;;;;;;
;AB22950001;INV;;;;26;60;;;14;12;;1;;;;
;AB22980001;INV;;;;;5;;;;2;2;;;;;
;AB23050001;INV;;;;3;28;;;;1;;;;;;
;AB23090001;INV;;;;6;18;;;;;;;;;;
;AB23100001;INV;;;;97;593;;68;5;;111;;130;;;
;AB23120001;INV;;;;57;49;;;;;;;;;;
;AB23130001;INV;;;;22;27;;;;;;;20;;;
;AB23250001;INV;;;;;29;;;;;;;;;;
;AB23290001;INV;;;;;;;;;;;;39;1;5;
;AB23340001;INV;;;;61;69;;;;;;;14;1;;
;AB23350001;INV;;;;;1;;;;;;;;;;
;AB23380001;INV;;;;11;13;;;;;;;;;;
;AB23390001;INV;;;;;13;;;;;;;;;;
;AB23400001;INV;;;;;12;;;;;;;;;;
;AB23950001;INV;;;;;6;;;;;;;;;;
;AB23960001;INV;;;;;3;2;;;;;;2;3;;
;AB24050001;INV;;;;;17;;;;;;;;;;
;AB24280001;INV;;;;;;;;;;;4;;;;
;AB24570001;INV;;;;3;34;;;7;;;;;;;
;AB24820001;INV;;;;;1;;;;;;;;;;
;AB24830001;INV;;;;;1;;;;;;;;;;
;AB24840001;INV;;;;;4;;;;;;;;;;
;AB24880001;INV;;;;6;3;;;;;;;;;;
;AB24970001;INV;;;;;13;;;;;;;;;;
;AB2500P01;INV;124;94;111;101;59;10;2;1;-2;1;2;7;1;;
;AB2500P01;PKG;97;160;320;255;222;11;16;11;9;19;11;14;3;23;
;AB2501P01;INV;15;20;61;23;13;12;;;3;;;10;3;3;
;AB2501P01;PKG;54;63;68;75;25;4;7;3;9;2;;3;3;;
;AB25050001;INV;;;;6;31;;2;3;;;;;;5;
;AB25060001;INV;;;;;5;;;;;;;;;;
;AB25130001;INV;;;;17;49;2;;13;;;;10;;;
;AB25140001;INV;;;;37;63;;;;;;;;;;
;AB25150001;INV;;;;15;38;10;;;;;;;;;
;AB25180001;INV;;;;47;34;;;;;;;;;;
;AB25240001;INV;;;;;11;;;;;;;;;;
;AB25260001;INV;;;;;6;;;2;;;;;;;
;AB25460001;INV;;;;;6;;;;2;;;;;;
;AB256300-ASM01;INV;;;;;;;;;;;50;;;;
;AB25640001;INV;;;;;;;;;;;;;50;;
;AB25740001;INV;;;;20;122;;;;;15;;30;;15;
;AB2575-10501;INV;1;9;12;12;5;;;;;;;3;;3;
;AB2575-10701;INV;68;50;117;18;32;2;;1;1;1;4;3;;8;
;AB2575-12001;INV;27;50;63;23;17;4;3;;;1;;1;;1;
;AB2575-13501;INV;112;319;247;104;88;16;5;15;;7;14;7;9;10;
;AB2575-13701;INV;77;205;193;80;42;20;1;10;6;6;6;8;4;7;
;AB2575-21001;INV;1;2;;;;;;;;;;;;;
;AB25760001;INV;;;;;2;;;;;;;;;;
;AB25780001;INV;;;;22;46;;;;;;3;15;;;
;AB25790001;INV;;;;21;90;2;;14;14;;;15;;;
;AB25800001;INV;;;;25;49;;;;;;;;;;
;AB25810001;INV;;;;16;41;;;;;;;;;;
;AB25860001;INV;;;;12;33;8;;7;5;;10;7;;19;
;AB25870001;INV;;;;;;;;12;;;;;;;
;AB25890001;INV;;;;;6;;;;;;;;;;
;AB25910001;INV;;;;6;39;;1;;;;;;;;
;AB25960001;INV;;;;15;125;;;;;;;31;9;;
;AB25970001;INV;;;;;40;;;;;;;;;;
;AB26030001;INV;;;;;7;;;;;;;;;;
;AB26140001;INV;;;;;6;3;1;2;;;;;;;
;AB26150001;INV;;;;7;7;;;;;;;;;;
;AB26180001;INV;;;;6;28;;;;;;;;;;
;AB26200001;INV;;;;6;6;;;;;;;;;;
;AB26210001;INV;;;;;18;;;;;;;;;;
;AB26230001;INV;;;;6;206;10;13;;;7;;;10;;
;AB26340001;INV;;;;20;37;;;;10;;;;;;
;AB26360001;INV;;;;;7;;;;;;;;;;
;AB26410001;INV;;;;12;173;;;;;;;;;;
;AB26420001;INV;;;;3;3;;;;2;;2;;;;
;AB26430001;INV;;;;3;1;;;;;;;;10;;
;AB26440001;INV;;;;;1;;;;;;;;;;
;AB26490001;INV;;;;15;12;;;;;;;;;;
;AB26550001;INV;;;;;4;;;;;;;;;;
;AB26560001;INV;;;;;3;;;;;;;;;;
;AB26610001;INV;;;;;1;;;;;;;;;;
;AB26630001;INV;;;;;;;3;3;;;;;;;
;AB26640001;INV;;;;18;83;;;;;;;;;;
;AB26650001;INV;;;;;2;;;;;;1;;;;
;AB26660001;INV;;;;;1;;;2;;;;;;;
;AB26670001;INV;;;;3;23;;;;;;;;;;
;AB26710001;INV;;;;7;24;;;;;6;5;15;;;
;AB26720001;INV;;;;3;1;;;;2;2;;;;;
;AB26730001;INV;;;;;1;;;;;;;4;;;
;AB26860001;INV;;;;6;9;2;;;;;2;;;;
;AB26870001;INV;;;;14;72;1;;;;;;;;;
;AB26890001;INV;;;;;1;;;;;;;;;;
;AB26900001;INV;;;;;3;;;;;2;;;;;
;AB26910001;INV;;;;57;79;6;22;19;10;;18;12;;19;
;AB26920001;INV;;;;15;25;1;;;19;;;8;;;
;AB27100001;INV;;;;20;52;1;;3;;;;;;;
;AB27120001;INV;;;;;12;;;;;;;;;;
;AB27150001;INV;;;;164;149;;;;;;;;30;;
;AB27180001;INV;;;;;33;;;;;;;8;;;
;AB27250001;INV;;;;3;9;;;;;;;;;;
;AB27260001;INV;;;;;30;;;;;5;;;5;;
;AB27270001;INV;;;;;18;;;;2;;;;;;
;AB27300001;INV;;;;;6;;;;;;;;;;
;AB27410001;INV;;;;;;;;;;;;25;;;
;AB27430001;INV;;;;;11;;;;;;;;;;
;AB27440001;INV;;;;3;19;;;;;3;;;20;;
;AB27450001;INV;;;;3;32;;;;;;;;;;
;AB27460001;INV;;;;53;143;;;;;;;;;;
;AB27510001;INV;;;;14;92;;;;13;;;5;;;
;AB27580001;INV;;;;4;10;;;;;;;;;;
;AB27590001;INV;;;;67;168;;;;;;;;;;
;AB27600001;INV;;;;17;97;;;;;;;;;;
;AB27610001;INV;;;;24;24;;;;;;;;;;
;AB27650001;INV;;;;3;7;2;;;6;;;5;;;
;AB27660001;INV;;;;21;88;6;;;5;;;;;;
;AB27700001;INV;;;;12;48;;;;;;;;20;;
;AB27710001;INV;;;;3;2;;;;;;;5;5;;
;AB27830001;INV;;;;;17;;6;;2;;;;;10;
;AB27880001;INV;;;;124;565;187;80;100;78;25;;45;;;
;AB27890001;INV;;;;45;118;50;8;50;;;;;;45;
;AB27900001;INV;;;;181;888;;331;85;;;;;;;
;AB27910001;INV;;;;3;17;;;;7;;;;;10;
;AB27930001;INV;;;;27;68;;;;;;;;;;
;AB27940001;INV;;;;;;;;;;;;12;;;
;AB28020001;INV;;;;8;26;3;;6;;;;5;5;;
;AB28030001;INV;;;;81;169;;;;;;;;;;
;AB28040001;INV;;;;49;35;;;;;;;;;;
;AB28050001;INV;;;;19;45;;15;;;;;;;;
;AB28060001;INV;;;;72;317;;;;;;;;;;
;AB28110001;INV;;;;42;62;;;;;;;;20;;
;AB28120001;INV;;;;3;8;;;;;;;;;;
;AB28130001;INV;;;;;4;;;;;;;;;;
;AB28140001;INV;;;;;9;;;;4;;;;;;
;AB28150001;INV;;;;;10;;;;;;;;;;
;AB28160001;INV;;;;;27;;;6;;;3;;6;4;
;AB28170001;INV;;;;;3;;;;;4;4;;;;
;AB28210001;INV;;;;24;160;;;;;;;;;;
;AB28220001;INV;;;;33;254;25;;;;;;;;;
;AB28230001;INV;;;;30;326;11;;;;;;;;;
;AB28250001;INV;;;;20;85;;;;;;;;;;
;AB28270001;INV;;;;16;66;;18;;;;;;;;
;AB28280001;INV;;;;6;20;;;;;;;;;;
;AB28300001;INV;;;;164;685;;;;;;;;30;40;
;AB28310001;INV;;;;48;191;;31;9;;;6;4;4;26;
;AB28320001;INV;;;;32;75;;8;;;13;;;30;;
;AB28500001;INV;;;;;1;;;;;;;;;;
;AB28520001;INV;;;;;33;;;;7;;2;;;15;
;AB28810001;INV;;;;52;42;;;;;;;;;;
;AB28830001;INV;;;;;11;;;;;;;;;;
;AB28840001;INV;;;;2;20;;;;;;;;;;
;AB28850001;INV;;;;15;43;19;;51;;;;;;;
;AB28860001;INV;;;;;30;14;;4;13;;;;;;
;AB28930001;INV;;;;103;97;;;;18;15;;;15;;
;AB300601;INV;17;17;11;12;1;;;;;;;;;;
;AB300601;PKG;19;37;47;41;4;;;;;;;;;;
;AB300701;INV;;;;;11;;;1;9;;2;;2;1;
;AB300701;PKG;;;;;53;3;;1;5;12;;;3;4;
;AB305101;INV;58;107;115;69;76;10;4;5;7;;2;15;15;6;
;AB3053-301;INV;186;222;331;308;361;2;64;50;73;57;14;17;46;6;1
;AB3053-301;PKG;3;12;;;;;;;;;;;;;
;AB3055-3B01;INV;8;16;12;14;6;1;;;;;;;1;;
;AB306001;INV;5;4;13;31;2;4;;;;2;1;;;1;
;AB306101;INV;1;;;;;;;;;;;;;;
;AB308301;INV;11;2;1;;;;;;;;;;;;
;AB3100-301;INV;14;3;1;33;5;;;;1;-1;;;;;
;AB3101-301;INV;35;29;10;19;6;15;;;6;;;;;6;
;AB3103-301;INV;23;54;89;79;58;3;5;5;;2;1;;2;;2
;AB3104-301;INV;48;63;122;19;16;;;2;8;6;;1;;1;
;AB3143-301;INV;1;;;;2;;;;;;;;;;
;AB3155-3B01;INV;3;9;12;16;8;2;1;;;;;;;;
;AB317001;INV;18;21;44;23;35;2;6;8;4;3;11;1;;1;
;AB317101;INV;17;27;53;70;68;5;4;2;5;3;2;5;4;;
;AB317201;INV;;1;8;;3;;;;;;;;;;
;AB3219-10101;INV;54;32;66;23;23;3;2;;2;4;8;3;3;7;
;AB3219-10501;INV;17;;;;1;;;;;;;;;;
;AB3219-11001;INV;60;98;40;36;16;;4;5;13;2;3;3;1;;1
;AB3219-11301;INV;105;58;102;41;37;1;3;5;4;10;;;9;2;
;AB3219-11501;INV;42;87;77;112;36;;3;2;;;;;;;
;AB3219-11501;PKG;1;1;;;;;;;;;;;;;
;AB3219-11601;INV;4;4;11;4;7;;;;;;;;;;
;AB3219-8201;INV;198;268;484;397;303;10;50;63;60;59;18;12;33;20;
;AB3219-8201;PKG;3;12;;;;;;;;;;;;;
;AB3219-9101;INV;282;425;615;315;195;13;24;40;66;9;25;9;30;7;2
;AB3219-9101;PKG;202;197;235;231;161;11;13;17;46;10;1;9;1;;
;AB3219-9301;INV;5;6;6;7;5;;1;4;3;1;1;1;;6;
;AB3219-9401;INV;92;139;185;160;119;;22;;9;16;18;12;5;18;
;AB327001;INV;111;196;301;191;227;4;12;13;14;5;25;7;12;3;7
;AB327101;INV;498;623;683;511;376;25;42;31;27;30;35;5;33;15;11
;AB327101;PKG;11;28;21;31;30;;2;;6;;3;3;11;;
;AB3328-3001;INV;5;;7;2;22;;;;;;5;2;;;
;AB3329-3001;INV;4;7;12;6;5;;;;;;1;;;;
;AB3329-4301;INV;;;1;7;1;;;;;;;;;4;
;AB3329-4401;INV;10;16;9;12;6;4;;;;;;1;12;;
;AB3330-1601;INV;80;102;82;53;55;5;;7;8;3;7;3;4;4;
;AB3330-1601;PKG;;18;26;38;9;2;;;;;;;;;
;AB3330-1701;INV;27;69;73;76;38;4;1;3;3;4;;6;4;2;3
;AB3330-3301;INV;17;6;10;8;19;;;;4;;1;4;;;
;AB3330-3501;INV;1;;;;;;;;;;;;;;
;AB3334-301;INV;21;3;9;10;5;1;6;;;;;;;;
;AB3340-301;INV;20;24;18;26;63;;;;1;;3;;1;3;
;AB3340-301;PKG;225;203;405;178;165;9;4;43;47;9;14;14;8;7;
;AB3341-301;INV;30;70;130;51;24;9;;;9;;;;;;
;AB3341-301;PKG;113;96;144;92;79;3;13;16;38;;;;;;
;AB3343-301;INV;27;27;8;3;1;;;;;;;;;;
;AB3355-3-75001;INV;5;11;4;;7;;;1;;1;1;1;;5;
;AB3355-3-750SP01;INV;7;27;;2;;;;;;;1;;;;
;AB3355-3-950SP01;INV;5;;;;;;;;;;;;;;
;AB3358-301;INV;31;31;4;21;;;;;;;;;;;
;AB3358-301;PKG;229;199;153;31;;;;;;;;;;;
;AB3363-301;INV;103;157;209;74;49;0;;2;8;2;1;2;19;1;
;AB3363-301;PKG;331;250;382;293;243;3;35;71;79;17;20;14;20;11;1
;AB3364-900SP01;INV;152;200;228;231;191;14;7;12;28;14;6;6;47;7;2
;AB3367-301;INV;17;32;26;5;53;;3;;12;5;1;;;;
;AB3369-5701;INV;;8;7;9;6;;1;-1;1;;2;;;;
;AB337001;INV;5;8;12;8;10;1;3;1;;;2;;;;
;AB3370-301;INV;1;1;4;0;1;;;;;5;;;;;
;AB337101;INV;5;25;47;46;35;11;6;25;12;11;1;2;3;;
;AB337201;INV;4;3;2;2;6;;;;;1;;;;;
;AB337201;PKG;19;37;47;41;60;3;3;1;5;12;;;3;4;
;AB337301;INV;3;2;3;7;4;1;;;;1;;;;;
;AB337301;PKG;;;;;49;;3;1;6;6;7;8;3;14;
;AB3379-301;INV;1;6;7;5;4;;;;;;2;;;;
;AB3391-301;INV;52;59;50;42;30;3;3;11;;8;3;1;;5;
;AB3395047101;INV;;;;;19;;;;;;;;;;
;AB3395047201;INV;;;;;2;;;;;;;;;;
;AB3407-1A01;INV;2;6;9;16;11;;;;;;;2;;8;
;AB3425-3P01;INV;22;4;5;;14;;;;2;1;;;2;;
;AB3425-3P01;PKG;3;5;;14;1;;;;;;;;1;;
;AB3440-202J-HD01;INV;;;;1;;;;;;;1;;;;
;AB3448-901SP01;INV;;;2;;;;;;;;;;;1;
;AB3449-900SP01;INV;9;20;27;18;18;;1;;;1;;;;2;
;AB3455013601;INV;;;;;2;;;;;;;;;;
;AB3455013701;INV;;;;;19;;;;;;;;;;
;AB3465-3F01;INV;73;106;162;55;48;;1;;1;2;;1;2;;
;AB3465-3F01;PKG;30;44;19;57;56;;;1;8;;1;1;;;
;AB3465-3S01;INV;30;58;49;62;39;-1;;;;2;1;1;;;
;AB3465-3S01;PKG;153;132;191;136;90;5;13;16;38;;;8;;;
;AB3466-301;INV;23;36;66;23;23;;4;;3;;2;-3;-1;;
;AB3466-301;PKG;239;225;421;211;175;15;4;43;47;19;13;14;9;7;
;AB3466-6001;PKG;1;;;1;1;;;;;;1;;;;
;AB347001;INV;63;110;109;58;93;9;16;7;18;4;3;2;12;21;3
;AB347001;PKG;;8;255;273;262;5;8;14;12;11;10;6;15;32;
;AB347101;INV;85;104;147;104;109;7;18;5;1;6;39;10;1;31;
;AB347101;PKG;;;5;1;5;;;;;;;;;1;
;AB3471-301;INV;;13;8;10;3;6;;;;6;;;6;;
;AB3490-301;INV;99;194;79;144;164;4;17;54;58;38;21;5;1;15;
;AB3497-3B01;INV;50;77;15;42;39;;20;11;35;17;2;;;3;
;AB3497-3C01;INV;17;17;35;53;9;;;1;;;;;;;
;AB3497-3E01;INV;24;46;75;56;30;;1;;;;8;;;4;
;AB3497-3E01;PKG;36;33;32;41;10;2;;;;;;8;;;
;AB3497-3G01;INV;8;20;4;12;4;;1;1;;;;1;;;
;AB3497-3G01;PKG;4;3;15;3;3;;4;;8;;2;;5;14;
;AB3497-900SP01;INV;6;;1;2;;;;;;;1;;;1;
;AB3525-900SP01;INV;7;20;13;26;16;1;;3;;1;;;3;3;
;AB3525-901SP01;INV;2;5;7;10;7;1;;;;;;;;;
;AB3535-301;INV;9;12;1;1;;;;;;;;;;;
;AB3554-914SP01;INV;1;1;;1;;;;;;;;;;;
;AB3574-3B01;INV;16;18;12;;;;;;;;;;;;
;AB3574-3C01;INV;53;95;71;6;;;;;;;;1;;;
;AB3702-3201;INV;4;3;25;14;12;2;;;;;1;;2;3;
;AB3702-3201;PKG;;1;;;;;;;;;;;;;
;AB3724-301;INV;41;48;44;68;97;1;1;2;;7;15;;;5;
;AB3750-301;INV;29;40;100;63;61;13;21;40;46;9;;15;3;5;
;AB3761-1301;INV;6;14;21;11;16;5;;;3;;;;;;
;AB3761-301;INV;20;20;16;15;30;6;-3;;;;;;;;1
;AB3761-301;PKG;;;;;6;1;6;10;14;2;4;;2;6;2
;AB3772-301;INV;22;33;16;12;16;;1;;5;1;;1;;1;
;AB3772-301;PKG;134;87;234;109;77;2;5;16;9;4;9;14;8;6;1
;AB3778-301;INV;1;1;2;;1;;;;;;;;;;
;AB3779-301;INV;2;;;;;;;;;;;;;;
;AB3781-301;INV;40;35;41;20;47;1;1;;4;1;4;2;15;;
;AB3781-301;PKG;94;69;198;40;34;3;2;2;7;;10;9;2;10;1
;AB3796-301;INV;6;1;;;;;;;;;;;;;
;AB3818-301;INV;1;1;2;18;1;1;;;;;;;;;
;AB3819-301;INV;14;3;10;2;8;;-2;;-1;;1;;;;
;AB3819-301;PKG;131;127;115;123;77;1;7;2;2;14;12;8;5;4;
;AB3819-902SP01;INV;;1;;;;;;;;;;;;;
;AB3821-301;INV;14;17;9;13;14;1;;;3;;;-3;;;
;AB3821-301;PKG;99;100;146;67;93;4;1;41;42;13;3;2;1;1;
;AB3826-301;INV;5;13;12;;;;;;;;;;;;
;AB3835005601;INV;;;;;18;;;;;;;;;;
;AB3881-301;INV;10;23;110;27;18;0;;;8;2;;11;10;;
;AB3881-301;PKG;40;59;106;69;55;3;3;4;2;1;8;5;10;14;1
;AB3882-301;INV;0;2;1;;2;;;;;;;;;;
;AB3884-301;INV;4;;21;9;;;;;;;;;;;
;AB390101;INV;15;14;26;21;11;1;1;1;;;;;;2;
;AB3901-301;INV;72;86;184;90;56;3;3;3;3;18;;10;6;;1
;AB3901-903SP01;INV;2;3;3;6;1;;;;;;;;;;
;AB3902-301;INV;111;175;133;118;200;2;36;49;59;43;7;4;12;3;
;AB3902-904SP01;INV;;;;1;;;;;;;;;;;
;AB390601;INV;27;24;29;19;14;;9;;1;1;1;1;1;;
;AB391001;INV;75;45;56;60;51;2;6;;2;2;1;3;1;;
;AB391301;INV;8;7;11;12;4;2;-1;;-1;;3;;2;;
;AB391401;INV;64;47;44;43;48;1;1;3;1;2;;2;1;1;
;AB391401;PKG;36;53;52;33;13;4;1;4;9;2;;3;3;;
;AB398001;INV;3;2;1;;;;;;;;1;1;1;;
;AB398101;INV;6;7;9;13;;;;;;;1;1;3;;
;AB3983-3B01;INV;11;24;9;;;;;;;;;;;;
;AB3983-3C01;INV;60;84;41;13;;;;;;;;;;;
;AB3983-3C01;PKG;30;44;1;;;;;;;;;;;;
;AB398501;INV;1;2;0;2;;;;;;;;;;;
;AB398501;PKG;18;16;1;5;5;;;;;;1;1;1;;
;AB458801;INV;;;1;;;;;;;;;;;;
;AB512201;INV;25;27;20;25;4;1;5;1;1;;;;;;
;AB518201;INV;10;5;5;;;;;;;;;;;;
;AB518601;INV;21;20;22;3;14;;2;11;;;2;2;;8;
;AB518601;PKG;97;55;99;107;140;9;10;5;10;10;16;10;17;17;
;AB519901;INV;5;7;6;;;;;;;;;;;;
;AB519901;PKG;17;8;14;;;;;;;;;;;;
;AB520101;INV;8;15;10;1;;;;;;;;;;;
;AB520101;PKG;9;15;13;;;;;;;;;;;;
;AB5335022401;INV;;;;;;;;;;;1;;;;
;AB535101;INV;15;22;38;25;14;3;2;2;;;3;9;;5;
;AB538201;INV;17;17;19;5;16;;;1;;;;;;;
;AB5385/1001;INV;23;23;22;14;24;;1;2;2;;3;;2;;
;AB5385/1401;INV;86;147;67;100;78;12;13;8;;14;;;;12;
;AB5385/1401;PKG;;;68;34;95;;;8;6;3;2;7;3;12;
;AB5385001001;INV;;-5;;;;;;;;;;;;;
;AB5385001101;INV;;;3;-3;;;;;;;;;;;
;AB538601;INV;129;154;222;205;214;;1;1;4;40;40;;2;;
;AB538601;PKG;429;387;477;345;297;4;9;8;4;;11;25;9;25;1
;AB539001;INV;74;280;111;104;35;15;4;9;;2;1;;9;3;
;AB539001;PKG;112;99;133;125;103;12;1;9;18;17;6;9;23;6;2
;AB558601;INV;;;20;2;;;;;;;4;;;;
;AB558601;PKG;2;;20;4;2;;3;;;;;;;;
;AB559001;INV;73;63;60;47;18;1;3;2;;1;;0;;1;
;AB559001;PKG;41;109;212;64;29;4;1;8;8;1;;;1;1;
;AB600001;INV;17;33;25;29;23;;2;1;;;2;;;1;
;AB600001;PKG;;;;;;;;;;;;;;2;
;AB600101;INV;10;21;16;7;18;;;;;;;1;;;
;AB600101;PKG;;;2;12;10;2;;1;;;;;;;
;AB600201;INV;27;24;31;29;7;;;6;;;;;;2;
;AB600301;INV;;;;;10;;1;1;;4;2;;;;
;AB600301;PKG;;;;;3;;3;;;;;;;;
;AB605201;INV;24;23;48;32;25;12;;;2;1;;14;4;5;
;AB605301;INV;5;3;6;2;10;;2;;;;;1;2;1;
;AB605401;INV;8;;;;;;;;;;;;;;
;AB613201;INV;17;25;25;15;14;;1;;1;;;;;1;
;AB615701;INV;16;25;32;19;12;1;2;;;;;1;;2;
;AB618601;INV;53;48;48;15;25;;2;;;;;;;;
;AB618601;PKG;8;45;59;21;27;;4;1;7;;1;;;4;
;AB623201;INV;30;36;32;12;6;;;1;;;;;;;
;AB625001;INV;20;23;23;23;5;;;;;;;;;;
;AB625501;INV;3;;;;;;;;;;;;;;
;AB629001;INV;23;45;18;30;19;1;;;2;;;4;5;;
;AB629001;PKG;13;20;22;9;14;2;3;;4;11;;;1;;
;AB638601;INV;132;121;184;178;91;25;2;;0;1;2;30;33;8;1
;AB638601;PKG;96;132;287;266;241;12;12;11;3;20;10;14;5;23;
;AB648101;INV;131;107;130;153;114;2;14;3;8;3;2;8;6;7;
;AB700101;INV;311;461;440;331;213;11;22;26;16;20;32;14;10;20;16
;AB700101;PKG;301;502;1072;527;445;14;19;26;32;53;30;24;38;33;1
;AB700201;INV;104;167;153;114;127;4;6;18;12;2;22;1;4;7;5
;AB700201;PKG;299;204;216;197;215;7;9;9;3;10;16;16;4;17;
;AB7002K01;INV;21;33;24;20;10;1;1;1;4;;;;4;;
;AB700301;INV;262;386;394;371;244;25;21;29;30;11;47;51;37;19;5
;AB700301;PKG;87;102;234;189;220;10;4;13;1;12;16;16;15;22;1
;AB7003K01;INV;23;27;31;25;13;;4;3;;;;;;2;
;AB700401;INV;498;754;829;505;357;33;20;25;19;17;30;46;37;23;2
;AB700401;PKG;408;471;755;511;343;25;23;26;33;27;10;24;21;31;2
;AB700601;INV;-3;5;5;;;;;;;;;;;;
;AB700601;PKG;10;;;;;;;;;;;;;;
;AB700701;INV;365;641;660;498;404;42;10;18;27;51;59;41;28;11;
;AB700701;PKG;379;447;718;479;305;19;18;19;31;24;7;23;20;27;2
;AB701301;INV;23;9;19;20;22;;4;;;3;;1;2;2;
;AB7013K01;INV;28;27;33;16;8;;;;;;;;;2;
;AB701401;INV;25;77;37;32;27;;;;5;3;;4;4;1;
;AB702301;INV;26;34;31;23;11;;1;1;2;0;1;;;;
;AB702301;PKG;13;20;22;9;14;2;3;;4;11;;;1;;
;AB702701;INV;21;76;32;34;20;;;;2;;;4;5;2;
;AB706301;INV;174;214;176;133;101;4;6;8;4;5;2;4;3;23;
;AB706301;PKG;23;47;99;85;85;;7;4;4;6;3;7;4;7;
;AB706501;INV;338;431;320;231;144;15;8;3;15;27;13;6;34;17;
;AB706501;PKG;19;73;80;52;61;;6;1;13;;4;3;11;4;
;AB7065S01;INV;11;2;19;18;1;;;;;;;;;;
;AB706601;INV;;10;7;9;7;;1;2;;;;;1;1;
;AB706701;INV;64;46;61;64;28;;;3;1;1;2;6;1;1;
;AB706701;PKG;;;38;15;38;5;3;;1;;1;;5;6;
;AB708001;INV;57;63;35;68;58;2;1;1;3;;;2;2;3;
;AB708001;PKG;41;46;53;49;39;5;1;3;9;2;;3;3;1;
;AB708501;INV;8;8;5;11;2;2;3;;;13;;1;;1;
;AB750001;INV;12;5;7;13;25;;;4;2;;;4;5;;
;AB750101;INV;41;16;20;42;21;;2;3;;2;;5;;4;
;AB755001;INV;;;2;4;;;;;;;;5;;;
;AB8075001001;INV;100;112;91;70;54;;9;4;1;;;3;6;12;
;AB8075001301;INV;637;1119;620;133;166;;3;15;9;;30;;;6;
;AB8075002301;INV;81;220;74;79;30;1;;;;1;;;1;4;2
;AB8075004401;INV;;1;6;4;;;;;;;;;;;
;AB8075005601;INV;6;18;-5;;2;;;;;;;;;;
;AB8075005701;INV;429;390;560;123;239;35;20;;1;9;;4;25;;
;AB8075007401;INV;13039;38524;27531;7806;4168;315;314;301;182;504;463;44;342;547;600
;AB8075008101;INV;43;103;61;41;18;;;;2;;;;;;
;AB8075008301;INV;659;287;494;392;119;;;7;29;;;;;;
;AB8075008701;INV;77;69;95;36;15;;1;;;4;;;;;
;AB8075008901;INV;176;313;281;94;152;18;;;20;;20;;;10;
;AB8075011101;INV;257;844;413;79;18;;5;;2;;;;;;
;AB8075011301;INV;26;26;3;3;;;;;;;;;;;
;AB8075011601;INV;49;19;19;71;12;;;;;;;;;;
;AB8075012501;INV;-2;;;;;;;;;;;;;;
;AB8075012601;INV;;16;;;;;;;;;;;;;
;AB8075013501;INV;179;79;44;23;2;;;;;;;;;;
;AB8075013901;INV;-14;;;;;;;;;;;;;;
;AB8075015001;INV;73;38;60;7;15;;;;;;4;2;1;;
;AB8075015901;INV;1;;;;;;;;;;;;;;
;AB8075016201;INV;;;6;;2;;;;;;;;;;
;AB8075017901;INV;419;655;665;222;265;;30;1;6;70;;28;21;67;
;AB8075018201;INV;11;44;15;17;5;;;2;;;;;1;;
;AB8075018301;INV;93;130;36;3;;;;;;;;;;;
;AB8075018601;INV;600;1100;1000;800;900;100;;100;100;;100;;;;
;AB8075018801;INV;1100;2400;1900;1700;1800;;700;100;200;;100;100;;;
;AB8075019001;INV;1;7;3;;;;;;;;;;;;
;AB8075020001;INV;24;1;11;2;1;;;;3;;;;;;
;AB8075020101;INV;9;6;9;3;;;;;;;;;;;
;AB8075020801;INV;1;;;;;;;;;;;;;;
;AB8075023701;INV;20;116;63;14;1;;;;;;;;;;
;AB8075023901;INV;6;2;4;;;;;;;;;;;;
;AB8075024201;INV;5;5;1;;;;;;;;;;;;
;AB8075025301;INV;28;27;18;-2;2;;;;;;;;;;
;AB8075-025301;INV;;;;3;7;;;;;;;;;;
;AB8075025401;INV;1;5;20;4;0;;;;;20;-19;;-1;;
;AB8075025501;INV;1;51;-4;12;10;4;;;1;;;1;;2;
;AB8075025501;PKG;6;18;16;8;;;;;;;;;;;
;AB8075025601;INV;24;11;11;;8;15;;1;;;;;;;
;AB8075025701;INV;11;54;20;6;;1;;;;7;;;;;3
;AB8075025801;INV;36;38;29;25;8;1;1;;4;;2;;1;;
;AB8075025901;INV;;;3;1;;;1;;;;;;;;
;AB8075026301;INV;;;1;;;;;;;;;;;;
;AB8075026401;INV;5;2;-2;;2;;;;;;;;;;
;AB8075026501;INV;;25;1;5;1;;;;;;;;1;;
;AB8075026601;INV;;1;6;;4;;;;;;;;;;
;AB8075026701;INV;1;14;-7;2;;1;;;;;;;;;
;AB8075026801;INV;;4;4;;;;;;;;;;;;
;AB8075026901;INV;1;;1;;;;;;;;;;;;
;AB8075027001;INV;;1;;;;;1;;;;;;;;
;AB8075027101;INV;5;28;257;49;18;;1;;;;5;4;;;
;AB8075027101;PKG;;7;8;7;2;;;;;;;;;;
;AB8075027201;INV;;;1;1;;;;;;;;;;;
;AB8075027301;INV;;5;-1;1;;;;;;;;;;2;
;AB8075027401;INV;;;1;;;;;;;;;;;;
;AB8075027501;INV;1;22;20;1;;;;;;;;;;;
;AB8075027601;INV;;3;1;;1;;;;;;;;;;
;AB8075027601;PKG;4;18;13;7;1;;;;;1;;;;;
;AB8075027701;INV;;2;4;2;;;;;;;;;;;
;AB8075027701;PKG;;6;8;4;3;;;;;;;;;;
;AB8075027901;INV;;;;;;;;;;;1;;;;
;AB8075028001;INV;;1;1;1;;;;;;;;;;;
;AB8075028101;INV;;3;2;1;2;;2;;;;;;2;;
;AB8075028201;INV;;3;1;1;;;;;;;;;;;
;AB8075028301;INV;;1;;;;;;;;;;;;;
;AB8075028401;INV;2;72;-10;18;14;;;;3;;;;;;
;AB8075028401;PKG;;37;47;9;3;;1;;;;1;;;;
;AB8075028501;INV;;15;14;3;7;;;;;;;;;;
;AB8075028601;INV;40;221;333;227;215;;4;5;3;4;;;;;
;AB8075-028601;INV;;;;45;129;;;;;;;;;;
;AB8075028701;INV;;20;26;19;38;;2;;2;;;1;5;3;
;AB8075028701;PKG;1;20;5;4;2;;;;;;;;;;
;AB8075028801;INV;;;-2;;;;;;;;;;;;
;AB8075028801;PKG;;13;2;3;;;;;;;;;;;
;AB8075028901;INV;;9;;2;1;;;;1;;;;;;
;AB8075029001;INV;;;1;;0;;;;;;;;;;
;AB8075029101;INV;;3;;5;;;;;;;;;;;
;AB8075029301;INV;;2;4;;1;;;;;;;;;;
;AB8075029401;INV;1;31;23;4;3;6;;;;;;;;;
;AB8075029501;INV;;2;1;;;;;;;;;;;;
;AB8075029501;PKG;;7;5;2;1;;;;;;;;;;
;AB8075029601;INV;;39;25;24;32;;1;17;12;5;;;17;;
;AB8075029701;INV;;7;35;5;;;;;;;;;;1;
;AB8075-029701;INV;;;;;4;;;;;;;;;;
;AB8075029801;INV;;9;21;7;;;;;;;;;;;
;AB8075029901;INV;;12;2;1;;;;;;;;;3;;
;AB8075029901;PKG;1;20;164;4;;1;;;;;;;;;
;AB8075030001;INV;;1;-2;;;;;;;;;;;;
;AB8075030001;PKG;;18;11;1;4;;;;;;;;;;
;AB8075030101;INV;1;17;14;10;2;;;;;;;1;;;
;AB8075030101;PKG;;11;5;4;;;;;;;;;;;
;AB8075030201;INV;3;1;0;0;2;;;;;;;;;;
;AB8075030201;PKG;2;8;5;5;;;;;;;;;;;
;AB8075030301;INV;1;2;6;1;;;;;;;;;;;
;AB8075030301;PKG;;15;17;7;7;;;;;;;;;;
;AB8075030401;INV;;3;;1;1;;;;;;;;;;
;AB8075030501;INV;;4;-2;;;;;;;;;;;;
;AB8075030601;INV;;1;;;1;;;;;;;;;;
;AB8075030701;INV;;5;;1;3;;;;;;;;;;
;AB8075030801;INV;;50;120;64;6;;;;;1;;;;3;
;AB8075030801;PKG;8;206;464;279;71;1;;8;7;2;;2;;;
;AB8075030901;INV;;30;71;73;29;;4;;;;;3;18;10;
;AB8075030901;PKG;33;810;959;241;178;3;2;8;46;3;3;5;1;1;
;AB8075-030901;INV;;;;59;91;;;;;;;;;;
;AB8075031001;INV;1;;;;;;;;;;;;;;
;AB8075031201;INV;;;-2;;;;;;;;;;;;
;AB8075031201;PKG;;7;5;4;;;;;;;;;;;
;AB8075031301;INV;;;1;;;;;;;;;;;;
;AB8075031501;INV;;;14;4;;;;;;;;;;;
;AB8075031501;PKG;;43;31;14;1;;;;;;;;;;
;AB8075031601;INV;10;;4;1;1;;;;;;;;;;
;AB8075031701;INV;;3;-2;;;;;;;;;;;;
;AB8075031801;INV;4;173;110;94;12;;;1;5;;;;3;;
;AB8075031801;PKG;1;379;1072;143;112;3;5;1;18;2;;;;2;
;AB8075032101;INV;;2;2;0;0;;;;;;;;;;
;AB8075032101;PKG;2;28;19;7;7;;;;;;;;;;
;AB8075032301;INV;;1;;;;;;;;;;;;;
;AB8075032501;INV;;;;;17;;;;;;;;;;
;AB8075032601;INV;;5;4;2;;;;;;;;;;;
;AB8075032701;INV;;2;7;3;;;;;;1;1;;;;
;AB8075032801;INV;;5;15;4;;;;;;;1;2;;;
;AB8075032901;INV;;5;;;;;;;;;;;;;
;AB8075033001;INV;;18;51;11;3;;;;;;;;;;
;AB8075033101;INV;;58;54;83;59;1;6;6;10;1;10;;;;
;AB8075033201;INV;;;;;15;;;;;;;;;;
;AB8075033301;INV;;;150;3;;;;;;;;;;;
;AB8075033301;PKG;;1;5;;;;;;;;;;;;
;AB8075033401;INV;;;63;23;104;40;;;;;3;;;28;
;AB8075033901;INV;;;4;19;60;;;;;1;;;11;;14
;AB8075033901;PKG;;;36;287;288;;62;6;3;6;29;41;15;43;
;AB8075034001;INV;;;;3;;;;;;;;1;;;
;AB8075034101;INV;;;;;;;;;;;;;6;;
;AB8075034301;INV;;;;2;;;;;;;;;;;
;AB8075034901;INV;;;;;9;2;;;;;1;;;2;
;AB8075035001;INV;;;;10;4;;;1;;;;1;1;;
;AB8075035201;INV;;;;199;121;;8;4;6;22;11;10;12;2;16
;AB8075035201;PKG;;;;;12;;;;2;2;;;;3;
;AB8075035401;INV;;;;;;;;;;;;;;6;
;AB8075036001;INV;;;;;;;;3;;3;5;;6;2;
;AB8075036101;INV;;;;;4;3;;;;;2;;;3;
;AB8075036601;INV;;;;;;;;;;;;10;;;
;AB80800401;INV;;;;;21;6;;1;;;;;10;;
;AB80800501;INV;;;;;30;1;;13;;;;8;;;
;AB80800601;INV;;;;;12;;8;2;;;;;;;
;AB80800701;INV;;;;;15;;;;;;;;;;
;AB80801301;INV;;;;;1;;;;;;2;;;;
;AB809201;INV;82;54;80;61;58;3;6;3;6;1;;;4;3;
;AB8108378101;INV;116;81;90;27;6;;4;;;;1;1;;;
;AB8165010101;INV;156;228;212;131;78;10;11;;31;6;2;2;;1;
;AB8168810901;INV;1247;1439;1410;653;350;;60;30;40;32;5;3;;2;13
;AB8275001501;INV;49;76;38;57;12;;6;;2;;5;2;8;2;
;AB8275003501;INV;19;5;31;36;10;;;;;;;;;;
;AB8375003201;INV;;26;;;;;;;;;;;;;
;AB8375006001;INV;840;325;118;;8;;;1;;;;1;;;
;AB8375006401;INV;116;352;1203;8;4;;2;;;;1;1;;;
;AB8375007101;INV;250;110;20;12;43;;;;2;;3;1;2;;
;AB8375008001;INV;1;10;16;7;;;;2;;5;;;;2;
;AB8375008101;INV;258;223;513;89;107;20;2;;;1;8;11;;3;4
;AB8375009101;INV;80;167;149;70;47;2;8;5;20;;2;7;10;;
;AB8375009301;INV;255;497;231;247;63;1;;;7;;;6;25;1;
;AB8375009401;INV;488;724;850;113;107;10;1;1;6;20;;30;;;
;AB8375009901;INV;6;10;3;3;2;;;;;;;;1;;
;AB8375011501;INV;87;94;35;22;3;4;;;1;1;;2;;;
;AB8375011801;INV;-5;;;;;;;;;;;;;;
;AB8375012101;INV;1166;1052;1778;501;559;15;;;6;;;;;2;
;AB8375013101;INV;321;372;440;407;571;11;17;;4;;;;;;
;AB8375013201;INV;122;162;96;94;9;;;;;;;;;;
;AB8375013501;INV;2;;;;1;;;;;;;;;;
;AB8375013901;INV;4;3;10;16;7;2;1;;;;;;;;
;AB8375015301;INV;110;;25;;;;;;;;;;;;
;AB8375015401;INV;200;345;255;300;100;;;;;;;;100;;
;AB8375015901;INV;10;;-1;2;;;;;;;;;;;
;AB8375016501;INV;14;10;10;2;1;;;;;1;;;;;
;AB8375017001;INV;;-1;-13;3;;;;;;;;;;;
;AB8375017601;INV;39;82;30;7;33;;;4;5;3;6;2;;;
;AB8375018101;INV;;-1;;;;;;;;;;;;;
;AB8375018401;INV;162;171;35;41;17;;;;;;;;;;
;AB8375019101;INV;484;400;;;;;;;;;;;;;
;AB8375019501;INV;1721;2753;1910;416;725;212;99;3;131;14;40;7;200;;20
;AB8375019701;INV;2;7;2;1;2;;1;1;1;;;;;;
;AB8375019801;INV;75;170;74;4;11;;6;;;;;;;;
;AB8375020001;INV;2782;3425;2004;568;962;200;10;5;210;2;12;200;;;
;AB8375020101;INV;152;95;166;25;44;;;2;1;;8;2;;;
;AB8375020201;INV;17;5;4;9;1;;;;;;;;1;;
;AB8375020401;INV;3;;;;;;;;;;;;;;
;AB8375020701;INV;13;10;2;10;6;;;;;;3;;;;
;AB8375020801;INV;27;5;2;3;;;;;;;;;;;
;AB8375020901;INV;7;1;;;;;;;;;;;;;
;AB8375021301;INV;275;1339;1665;26;6;;;;;;;;;;
;AB8375021401;INV;278;31;105;50;1;;;25;;;1;;;;
;AB8375021501;INV;5;5;2;7;;;;;;;;;;;
;AB8375022101;INV;125;258;247;3;102;;;;50;;;;;;
;AB8375022201;INV;;;;1;31;;;22;15;;2;14;13;5;
;AB8375022301;INV;2;19;1;15;9;;1;;;;;;;;
;AB8375022401;INV;7;57;80;157;87;4;13;;1;16;5;4;13;32;2
;AB8375022601;INV;;4;;5;41;4;;;;2;;;;6;
;AB8375022701;INV;6;213;111;58;8;1;;;;1;1;2;;;
;AB8375022801;INV;1;6;-2;;;;;;1;;;2;;;
;AB8375023001;INV;;13;12;21;5;4;;;1;;;;;;
;AB8375023101;INV;1;8;2;1;6;;;;;;;1;1;;
;AB8375023201;INV;2;213;290;234;15;5;5;2;;;10;;;1;
;AB8375023301;INV;4;15;1;1;;;;;;;;;;;
;AB8375023501;INV;8;7;11;4;4;;;;;2;2;1;;;
;AB8375023601;INV;;9;;;1;;;;;;;;;;
;AB8375023701;INV;7;62;12;14;9;1;;3;;;;;;;
;AB8375023801;INV;2;3;6;3;;;;;;;;;;;
;AB8375023901;INV;20;63;17;30;9;;4;;;1;4;;1;16;
;AB8375024001;INV;;33;76;136;41;10;;2;17;27;25;2;4;2;
;AB8375024101;INV;;8;26;6;7;;4;10;2;;2;2;;;
;AB8375024301;INV;;26;0;;1;;;;;;;2;;;
;AB8375024401;INV;;38;5;;;;;;;;;;;;
;AB8375024501;INV;;102;18;5;7;2;;;;;;1;;;
;AB8375024601;INV;;136;48;16;6;;3;;6;-2;4;4;;2;
;AB8375024901;INV;;64;57;65;52;3;;21;;5;7;;3;13;
;AB8375025001;INV;;130;142;136;93;5;21;9;15;9;4;7;7;4;
;AB8375025401;INV;;;407;307;75;3;7;18;1;6;15;8;7;6;1
;AB8375025401;PKG;;;31;42;19;4;2;;2;2;3;;;3;
;AB8375025501;INV;;;21;225;160;;;;;;;;;;
;AB8375025601;INV;;;30;2;40;;;;;;;;;;
;AB8375025901;INV;;;;286;544;;100;;;;;;;;
;AB8375026301;INV;;;;;;;;8;3;21;20;;;1;10
;AB8475006701;INV;308;426;502;77;;;;;;;;;;;
;AB8475007301;INV;190;189;86;33;6;;;;;;;;;;
;AB8475010201;INV;-1;;;;;;;;;;;;;;
;AB8475010901;INV;180;644;238;62;0;;;;1;;;;;;
;AB8475011901;INV;489;223;227;98;89;15;3;7;8;;3;3;12;6;1
;AB8475012001;INV;353;132;158;51;68;1;2;7;1;;5;4;7;4;
;AB8475012101;INV;34;84;79;26;25;2;7;4;6;2;2;1;2;3;
;AB8475012201;INV;73;98;76;12;21;;;;;2;2;;;;
;AB8475012501;INV;274;239;265;80;16;;1;;1;;;;4;;
;AB8475012501;PKG;1;;;1;;;;;;;;;;;
;AB8475012601;INV;747;1136;897;293;72;;;1;1;4;;;5;;
;AB8475012701;INV;156;138;62;33;17;;;;;;;;;;
;AB8475012701;PKG;2;;;1;;;;;;;;;;;
;AB8475012801;INV;110;133;98;66;12;;;;2;;2;;;;
;AB8475012901;INV;50;57;;;;;;;;;;;;;
;AB8475013101;INV;213;388;41;125;94;3;1;;4;26;500;5;;;
;AB8475013101;PKG;566;360;376;267;85;54;3;;21;;4;;;9;
;AB8475013501;INV;1;6;6;1;23;;;;;;;;;;
;AB8475013601;INV;4;-1;2;;2;;;;;;;;;;
;AB8475013801;INV;235;492;858;408;264;50;44;21;93;158;32;12;34;25;2
;AB8475013801;PKG;6;2;91;55;19;4;2;;2;2;3;;;3;
;AB8475013901;INV;1;3;2;22;3;1;1;;2;;;;;;
;AB8475014101;INV;117;1055;996;874;974;89;4;15;45;1;318;19;16;41;3
;AB8475014101;PKG;204;319;512;345;111;35;10;3;12;;3;;28;4;
;AB8475014201;INV;563;1114;559;1023;508;39;31;165;80;4;234;25;67;2;
;AB8475014201;PKG;48;1798;3036;740;432;19;9;9;68;8;7;5;1;3;
;AB8475014301;INV;189;654;702;362;309;87;7;8;112;11;35;72;2;36;1
;AB8475014301;PKG;74;232;301;191;106;22;1;;1;1;;34;;2;
;AB8475014401;INV;;67;185;46;49;4;1;1;2;6;;4;10;10;
;AB8475014401;PKG;;;;;70;1;;18;10;12;12;16;1;;
;AB8475014501;INV;;68;116;97;42;2;5;;;;10;5;;11;
;AB8475014501;PKG;;;;;19;1;3;;6;1;1;2;17;1;
;AB8475014601;INV;;;5;8;45;2;;;;1;23;;11;;14
;AB8475014601;PKG;;;36;287;303;;62;6;3;6;29;41;15;43;
;AB8475014901;INV;;;;;68;3;2;2;13;11;6;1;6;3;
;AB8575000601;INV;10;;;;;;;;;;;;;;
;AB8675005101;INV;246;652;306;60;-1;;;;;;;;;;
;AB8675007901;INV;197;154;199;61;33;;;;7;;;4;2;;
;AB8675007901;PKG;1;;;;;;;;;;;;;;
;AB8675009201;INV;-1;;;;;;;;;;;;;;
;AB8675009301;INV;1;;;;;;;;;;;;;;
;AB8675009401;INV;9;;;;;;;;;;;;;;
;AB8675009501;INV;10;;;;;;;;;;;;;;
;AB8675009601;INV;18;;;;;;;;;;;;;;
;AB8675009701;INV;0;-3;1;;;;;;;;;;;;
;AB8675009801;INV;200;150;173;;;;;;;;;;;;
;AB8675010401;INV;2;2;;;;;;;;;;;;;
;AB8675010601;INV;-1;;;;;;;;;;;;;;
;AB8675010701;INV;1;;;;;;;;;;;;;;
;AB8675010901;INV;2290;2803;2124;1081;951;21;32;;2;27;1023;12;;4;
;AB8675010901;PKG;420;288;318;252;78;54;3;;21;;3;;;9;
;AB8675011501;INV;382;1021;1907;1319;;;;;;;;;;;
;AB8675011501;PKG;;;;1;;;;;;;;;;;
;AB8675011601;INV;127;460;355;260;;;;;;;;;;;
;AB8675012501;INV;3050;4972;3459;767;530;49;3;25;153;331;267;14;143;267;
;AB8675012501;PKG;4;17;9;4;10;2;1;1;;;;;;;
;AB8675012601;INV;182;470;343;27;-33;20;2;8;44;67;18;6;4;2;
;AB8675012601;PKG;4;;;2;;;;;;;;;;;
;AB8675012701;INV;1379;1928;2975;710;1135;54;63;146;95;395;142;54;118;136;
;AB8675012701;PKG;4;13;12;9;8;1;;;;;;;;;
;AB8675012801;INV;124;376;317;208;132;115;;14;59;50;70;122;45;19;
;AB8675012801;PKG;;1;;;;;;;;;;;;;
;AB8675013101;INV;3602;2681;3273;1707;1861;889;-125;83;116;15;1;1;207;478;6
;AB8675013101;PKG;188;289;443;785;130;40;20;4;2;;;;58;8;
;AB8675013201;INV;671;834;799;433;371;43;4;18;31;14;6;1;204;6;
;AB8675013201;PKG;47;159;267;100;88;44;2;;;;;2;;8;
;AB8675013701;INV;1052;826;2538;728;987;196;63;48;44;12;;;417;42;
;AB8675013701;PKG;29;3;14;7;84;36;;;;;;;12;;
;AB8675013801;INV;524;437;661;341;193;4;;-2;;1;;;71;0;
;AB8675013801;PKG;;;;;56;;4;;;;;;6;;
;AB8675015501;INV;181;195;1410;763;432;;51;;19;125;88;8;-4;26;12
;AB8675015501;PKG;;;;;16;;;;8;4;;;;;
;AB8675015601;INV;-93;362;629;491;626;127;-59;-1;65;40;23;30;6;36;16
;AB8675015601;PKG;14;40;420;237;60;17;8;1;;4;12;1;;12;
;AB8675015701;INV;1057;840;1185;630;33;4;;;;;;;;;
;AB8675015701;PKG;;;1;10;1;;;;;;;;;;
;AB8675015801;INV;265;452;382;418;;;;;;;;;;;
;AB8675015901;INV;509;678;796;751;449;;;33;17;11;80;;37;;
;AB8675015901;PKG;51;18;4;2;9;;;1;;;;;;;
;AB8675016001;INV;196;388;302;253;370;4;2;1;2;10;35;;50;9;
;AB8675016001;PKG;3;1;;;;;;;;;;;;;
;AB8675016101;INV;255;311;277;1;2;;;;4;;;;;;
;AB8675016101;PKG;232;180;208;;;;;;;;;;;;
;AB8675016201;INV;322;234;108;32;;;;;;;;;;;
;AB8675016201;PKG;104;210;96;4;;;;;;;;;;;
;AB8675016301;INV;92;478;289;187;95;36;7;2;11;8;38;;13;;
;AB8675016401;INV;119;570;858;667;804;549;-494;38;16;;9;21;36;82;
;AB8675016401;PKG;;110;174;54;122;16;;2;54;48;4;24;4;;
;AB8675016501;INV;76;342;685;792;478;32;4;142;10;;193;5;123;191;
;AB8675016501;PKG;;74;212;155;222;;;74;8;;50;40;;;
;AB8675016601;INV;105;423;171;141;64;;;12;7;;;2;4;6;
;AB8675016701;INV;170;700;711;627;436;161;-116;31;10;15;32;13;8;63;2
;AB8675016701;PKG;;72;120;118;58;4;8;;24;6;;14;44;;
;AB8675016801;INV;177;393;792;423;376;158;-1;;21;54;5;8;83;65;
;AB8675016801;PKG;;30;122;160;98;;;;2;;4;60;;4;
;AB8675016901;INV;179;573;412;242;537;300;-300;;2;0;2;2;;1;
;AB8675016901;PKG;48;1796;3035;745;433;19;9;9;68;8;7;5;1;3;
;AB8675017401;INV;;;7;13;8;;;;;;;;17;;
;AB8675017401;PKG;;;36;287;223;;62;;3;6;12;41;15;42;
;AB8675017501;INV;;;;;1;;;;;;;;;20;
;AB8675017501;PKG;;;;;16;;;6;;;2;;;1;
;AB8675017901;INV;;;;;44;;;;;;;;;;
;AB8675017901;PKG;;;;;64;;;;;;15;;;;
;AB867601;INV;4;8;5;2;;;;;;;1;1;1;119;
;AB867601;PKG;101;206;122;97;23;2;6;4;15;2;7;16;15;;
;AB869001;INV;27;6;5;5;4;;;;;;1;1;1;;
;AB8875000101;INV;;;;;5;;;;;;;1;;;
;AB8875000501;INV;;;;1;2;2;;;;;;;;;
;AB8875000701;INV;;;;;;;;12;7;5;4;26;17;3;1
;AB8875000801;INV;;;;;;2;;7;;4;6;4;5;;
;AB8875000901;INV;;;;;;5;;11;14;2;4;1;2;6;2
;AB90016801;INV;;;;;8;;;;;;;;;;
;AB90017501;INV;;;;;24;;11;54;;40;;;;;
;AB90021101;INV;;;;;6;;;;;;;;;;
;AB90021401;INV;;;;;4;;;;;;2;;;;
;AB90021501;INV;;;;;10;;;;;;;;2;;
;AB90023901;INV;;;;;1;23;;14;;8;;;;;
;AB900-350701;INV;739;1233;750;526;672;39;;163;62;2;20;68;26;84;
;AB900-350701;PKG;632;794;611;520;284;;;;;33;131;104;38;23;
;AB910601;INV;108;163;194;140;68;35;6;4;3;8;4;3;12;12;
;AB910601;PKG;153;208;345;189;132;16;2;17;26;18;6;9;24;7;2
;AB9107SJ01;INV;;;2;;;;;;;;;;;;
;AB910801;INV;56;102;110;14;8;;;;;;;;;;
;AB910801;PKG;672;1080;1930;89;;;;;;;;;;;
;AB911601;INV;88;326;228;272;195;19;44;6;52;9;35;15;30;7;5
;AB911601;PKG;4837;7756;6029;6008;6726;242;313;275;419;528;855;203;313;589;44
;AB911701;INV;;;;;39;1;7;3;4;3;14;3;12;5;
;AB920101;INV;13;2;6;4;;;;;;;;;;;
;AB921301;INV;14;7;19;10;11;;2;;;;;;;;
;AB921301;PKG;;;;;10;;;;;;;;;;
;AB921401;INV;1;6;2;5;;;;;;;;;;;
;AB930901;INV;44;35;35;5;30;;;;;;5;;1;;
;AB930901;PKG;;;68;34;95;;;8;6;3;2;7;3;8;
;AB931001;INV;17;10;43;20;12;;;;4;1;1;6;1;1;
;AB931101;INV;70;38;47;43;8;;1;1;;;;;;8;
;AB931101;PKG;;5;29;;21;;;;;;;4;;;
;AB931201;INV;17;105;12;19;8;;2;;;;1;1;;;
;AB931501;INV;128;90;80;100;80;11;5;7;0;3;1;1;4;2;
;AB931501;PKG;89;115;261;234;196;11;12;10;2;17;10;14;3;19;
;AB931601;INV;11;45;30;16;32;;;;;1;;4;6;;
;AB931701;INV;24;19;13;26;6;;1;1;;;;;;1;
;AB932001;INV;21;20;18;19;9;;;;;1;;;;;
;AB950401;INV;33;29;24;13;8;;;1;2;;;;;1;
;AB9507SJ01;INV;;;2;;;;;;;;;;;;
;AB9510SJ01;INV;;;2;;;;;;;;;;;;
;ABA0000601;INV;;;;18;60;;;;;;;;;;
;ABA0002001;INV;;;;15;4;;;;;;;;;;
;ABA0002201;INV;;;;;8;;;;;;;3;;;
;ABA0002301;INV;;;;;2;;;5;;;;;;;
;ABA0002401;INV;;;;3;24;14;;;4;23;;20;;;
;ABA0002501;INV;;;;;13;30;24;;18;25;28;;;;
;ABA0002601;INV;;;;3;32;;;2;;;;;;;
;ABA0002701;INV;;;;;4;;;;;;;;;;
;ABA0002801;INV;;;;19;50;;;;5;6;;13;;;
;ABA0002901;INV;;;;25;104;20;;;;5;;15;;;
;ABA0005301;INV;;;;15;9;;;;3;;;;;;
;ABA0005401;INV;;;;21;68;;;;23;15;;10;10;;
;ABA0006701;INV;;;;3;4;;;;;;;;;;
;ABA0009201;INV;;;;;;;;;;;10;5;78;;
;ABA0009801;INV;;;;;;;;;;;;8;;30;
;ABA0013801;INV;;;;3;3;;;2;4;;;14;;;
;ABA0015701;INV;;;;6;32;17;;;;5;;;;;
;ABA0023301;INV;;;;;;;;;;71;;;39;163;
;ABA0031901;INV;;;;;15;;;;;;;;;;
;ABA0032201;INV;;;;;5;2;;;;;;;;;
;ABA0032401;INV;;;;18;15;2;;;;;;;;;
;ABA0032601;INV;;;;18;7;;;;;;;;;;
;ABA0033201;INV;;;;;;;;;;;;;;17;
;ABA0034201;INV;;;;;;;;;;;23;27;;;
;ABA0034601;INV;;;;14;133;;;;;;;;;;
;ABA0034701;INV;;;;6;89;;;;;;;;;;
;ABA0035301;INV;;;;;;;;10;;6;;23;;;
;ABA0036301;INV;;;;;;;;;;;;47;2;1;
;ABA0037501;INV;;;;;;;;;;;;34;36;;
;ABA0039801;INV;;;;;;;;;;;;10;;;
;ABA00457ASM01;INV;;;;;;;25;;;;41;;;;
;ABA0045901;INV;;;;;;;;;;;;10;;19;
;ABA0047101;INV;;;;;;;;;;;;;;5;
;ABA0047701;INV;;;;;120;;;;;;;;;;
;ABA0047901;INV;;;;;84;;9;;;;;;;;
;ABA00497ASM01;INV;;;;;;;;;;;50;;;;
;ABA0052601;INV;;;;;;;;;;;;10;5;;
;ABA0053501;INV;;;;;;;;;;;;;;20;
;ABA0054301;INV;;;;;124;40;;;;50;66;;;;
;ABA0057601;INV;;;;;;;;;;;;20;;23;
;ABA0059001;INV;;;;;93;44;;6;;10;21;;;6;
;ABA0080901;INV;;;;;;;;;;;;200;;;
;ABA0081201;INV;;;;;;;;;;;;250;;;
;ABA0082101;INV;;;;;;;;;;;;200;;;
;ABA0082201;INV;;;;;;;;;;;;250;;;
;ABA0084601;INV;;;;;;;;;;;;;;50;
;ABA0087401;INV;;;;;;;;;;;17;;;;
;ABA0088601;INV;;;;;;;;;;;77;;;;
;ABA0088701;INV;;;;;;;;;;;27;;5;;
;ABA0088901;INV;;;;;;;;;;;96;;;;
;ABA0089801;INV;;;;;;;;;;;24;;;;
;ABA0090101;INV;;;;;;;;;;;;;50;107;
;ABA0090701;INV;;;;;;;;;;;;;;136;
;ABA0091401;INV;;;;;;;;;;;;;;237;
;ABA0093101;INV;;;;;;;;;;;;;;19;
;ABA0093201;INV;;;;;;;;;;;;;;15;
;ABA0093401;INV;;;;;;;;;;;;;;18;
;ABA1000401;INV;;;;81;226;;37;;;;;;;;
;ABA1001901;INV;;;;16;42;11;;;10;;3;15;;;
;ABA1002301;INV;;;;8;59;;;;;;;;;;
;ABA1002401;INV;;;;13;41;;;5;;;;;;;
;ABA1002601;INV;;;;19;75;;;2;;;4;;;10;
;ABA2000301;INV;;;;401;1506;143;259;28;;280;210;;;;
;ABA2001801;INV;;;;9;37;5;;3;;;;2;;;
;ABA2001901;INV;;;;456;1574;;;;135;;;;;;
;ABA4002101;INV;;;;33;190;14;3;;16;;10;;;;
;ABA4004801;INV;;;;23;40;;;;;;;;;;
;ABA4005201;INV;;;;;;;;;;;;;;50;
;ABA5000-593701;INV;;;-2;1;;;;;;;;;;;
;ABA5000-593701;PKG;5;2;8;3;;;;;;;;;;;
;ABA9009-000101;INV;226;314;318;238;164;10;13;9;9;2;15;16;10;23;4
;ABA9009-000101;PKG;289;297;276;206;237;15;14;10;14;5;10;14;7;7;2
;ABA9009-000201;INV;377;387;453;292;281;18;14;14;14;5;26;12;6;1;4
;ABA9009-000201;PKG;304;331;312;219;239;15;15;10;14;6;10;14;7;7;2
;ABA9009-000301;INV;270;227;279;219;232;11;20;16;10;3;16;6;;9;4
;ABA9009-000401;INV;-5;-3;-5;5;2;;;;;;;;;;
;ABA9009-000401;PKG;56;49;47;38;11;;1;;;;;1;;;
;ABA9009-000501;INV;47;4;-7;7;3;;;;3;;;;;;
;ABA9009-000501;PKG;94;3;;;;;;;;;;;;;
;ABA9009-000601;INV;12;-2;-10;;-1;;;;;;;;;;
;ABA9009-000601;PKG;94;3;;;;;;;;;;;;;
;ABA9009-000701;INV;9;3;37;75;58;3;4;3;4;5;8;2;1;7;1
;ABA9009-000701;PKG;114;341;362;298;288;16;24;13;15;2;18;8;13;14;6
;ABA9009-000801;INV;6;4;11;10;9;;;;4;-1;1;;;;
;ABA9009-000801;PKG;114;343;362;298;291;16;24;13;15;2;18;8;13;14;6
;ABA9009-100501;INV;;4;11;1;4;;;;;;;;;;
;ABA9009-100501;PKG;6;63;133;67;149;15;31;24;15;5;18;26;26;12;8
;ABA9009-208601;INV;;;122;152;250;20;19;15;20;12;11;16;14;3;11
;ABA9009-208601;PKG;;;;3;;;;;;;;;;;
;ABA9009-500201;INV;4;-6;;;;;;;;;;;;;
;ABA9009-500201;PKG;64;59;14;13;2;;2;;2;;;;;;
;ABA9009-500301;INV;138;211;183;155;114;5;26;6;3;2;5;15;5;3;
;ABA9009-500301;PKG;359;364;335;245;250;15;15;10;16;5;10;15;7;7;2
;ABA9010-000401;INV;-1;-2;1;1;0;;;;;;;;;;
;ABA9010-000401;PKG;84;65;56;70;37;2;1;5;2;;2;;1;2;
;ABA9010-000501;INV;;0;2;;7;3;;-3;;;;-1;;;
;ABA9010-000501;PKG;180;129;120;108;103;12;17;5;5;14;7;11;;2;
;ABA9010-000601;INV;0;-1;7;-7;1;;2;;;1;;;;;
;ABA9010-000601;PKG;175;284;318;286;147;2;11;16;2;8;15;13;;7;6
;ABA9010-001001;INV;1;3;7;;;;;;;1;;;;;
;ABA9010-001001;PKG;441;478;433;5;;;;;;;;;;;
;ABA9010-001101;INV;171;192;142;;;;;;;;;;;;
;ABA9010-001201;INV;24;27;13;;;;;;;;;;;;
;ABA9010-001301;PKG;;;;;1;;;;;;;;;;
;ABA9010-001401;PKG;;;;;;;;;;;5;;;;
;ABA9010-001501;INV;;;7;14;8;3;2;-3;;;7;3;;;
;ABA9010-001501;PKG;;;61;459;288;16;29;26;9;22;29;24;1;11;6
;ABA9010-001601;INV;;;17;214;101;3;7;5;5;;13;7;6;7;
;ABA9010-001701;INV;;;;18;18;;;;;;;4;;;
;ABA9010-102401;INV;79;93;84;150;59;;0;3;5;;1;7;1;;
;ABA9010-102501;INV;180;152;122;141;96;7;12;11;8;;8;6;;4;
;ABA9010-104301;INV;5;6;;4;;;;;;;;;;;
;ABA9010-104501;INV;28;42;36;6;20;;4;1;3;;;;;;
;ABA9010-104601;INV;19;19;20;32;8;;0;;;;;;;;
;ABA9010-104801;INV;10;7;4;6;5;;;;;;3;;;;
;ABA9010-105301;INV;41;12;14;53;17;;;9;9;;2;;4;;
;ABA9010-200101;INV;100;136;159;128;168;11;5;16;16;5;15;10;14;19;
;ABA9010-200101;PKG;436;479;492;494;317;23;40;27;20;22;25;24;3;13;6
;ABA9010-202201;INV;10;9;11;7;;;;;;;;;4;;
;ABA9010-209001;INV;2;;10;;3;;0;;;;;;;;
;ABA9010-209001;PKG;;;2;;;;;;;;;;;;
;ABA9010-212601;INV;;;8;13;7;;;;;;;;;;
;ABA9010-498001;INV;-1;-6;;-13;-3;1;;-3;;;;;;;
;ABA9010-498001;PKG;519;544;627;531;369;22;35;31;18;46;42;29;;13;6
;ABA9011-000101;INV;-2;0;7;-2;-4;;1;;;;;;;;
;ABA9011-000101;PKG;61;94;83;57;19;;3;;11;5;11;;;;
;ABA9011-000201;INV;;0;4;0;;;1;;;;;;;;
;ABA9011-000201;PKG;73;65;81;69;44;10;8;7;;15;9;3;;4;
;ABA9011-000301;INV;;-1;-2;;2;;;;;;;;;;
;ABA9011-000301;PKG;50;44;36;39;26;1;;4;1;;5;;;;
;ABA9011-000601;INV;-1;0;1;-8;1;;;;;;1;8;;;
;ABA9011-000601;PKG;52;70;135;178;107;;3;3;;3;1;9;;;
;ABA9011-000701;INV;-4;-2;-2;-3;-2;;;;;;;4;;-1;
;ABA9011-000701;PKG;69;84;113;70;45;7;8;13;;1;7;8;;7;6
;ABA9011-000801;INV;-6;-5;-1;-3;5;1;1;-3;;;;2;-1;;
;ABA9011-000801;PKG;136;82;119;63;90;3;12;3;5;22;3;9;;;
;ABA9011-000901;INV;-3;1;;-1;;;;;;;2;;;;
;ABA9011-000901;PKG;55;20;22;25;23;;1;1;1;;6;;;;
;ABA9011-001101;PKG;2;2;3;;6;;;;;;;;;;
;ABA9011-001201;INV;-1;;;;-1;;;;;;;;;;
;ABA9011-001201;PKG;1;1;1;15;;;;;;;;;;;
;ABA9011-001301;PKG;;2;;;;;;;;;;;;;
;ABA9011-001601;INV;1;-1;;-1;1;;;;;;;;;;
;ABA9011-001601;PKG;9;19;12;1;;;;;;;;;;;
;ABA9011-001701;INV;1;;;;1;;-1;;;;;;;;
;ABA9011-001701;PKG;2;34;6;6;;;;;;;;;;;
;ABA9011-001801;PKG;2;2;;;;;;;;;;;;;
;ABA9011-001901;PKG;;1;;;;;;;;;;;;;
;ABA9011-100101;INV;;1;2;1;;;;;;;;;;;
;ABA9011-100201;INV;2;4;;14;;;;;;;;;;;
;ABA9011-100301;INV;;3;2;8;;;;;;;;;;;
;ABA9011-100401;INV;;0;1;;;;;;;;;;;;
;ABA9011-100601;INV;243;249;284;310;220;10;14;15;9;1;6;9;;3;
;ABA9011-101601;INV;;;;;;;;;13;;13;4;;;
;ABA9012-000101;INV;-4;;;;;;;;;;;;;;
;ABA9012-000101;PKG;20;19;;;;;;;;;;;;;
;ABA9012-000301;INV;-3;-1;;;;;;;;;;;;;
;ABA9012-000301;PKG;21;19;9;;;;;;;;;;;;
;ABA9012-001101;INV;;1;1;-1;1;;;;;;;;;;
;ABA9012-001101;PKG;;20;30;25;2;1;;;;;;;;;
;ABA9012-001301;INV;;;;1;-1;;;;;;;;;;
;ABA9012-001301;PKG;;;9;12;18;1;;;;;;;1;;
;ABA9990-101401;INV;181;213;219;144;133;11;7;12;11;8;12;15;11;10;1
;ABB-3073-10001;INV;103;74;94;97;109;3;11;11;6;1;1;3;6;5;
;ABB-3074-10001;INV;98;104;110;124;118;3;3;11;4;2;3;1;7;4;
;ABBKT-DIRECT/SSP1701;INV;;;;-2;;;;;;;;;;;
;ABBKT-DIRECT/SSP1701;PKG;1;9;5;1;;;;;;;;;;;
;ABBKT-GP01;INV;4;5;1;;;;;;;;;;;;
;ABBKT-GP01;PKG;10;21;6;1;;;;;;;;;;;
;ABBKT-HDTUBE01;INV;8;11;15;1;1;;;;;;1;;;;
;ABBKT-HDTUBE01;PKG;93;183;109;59;16;1;;;1;;;;;;
;ABBKT-MONTUBE01;INV;9;9;11;1;8;;;;;;;;;;
;ABBKT-MONTUBE01;PKG;91;182;109;59;16;1;;;1;;;;;;
;ABBKT-PP01;INV;4;11;10;-1;5;;;;;;;;;;
;ABBKT-PP01;PKG;79;151;96;49;14;1;;;1;;;;;;
;ABBKT-RODS01;INV;;-1;;1;;;;;;;;;;;
;ABBKT-RODS01;PKG;4;11;7;9;2;;;;;;;;;;
;ABBKT-STE/GP01;INV;2;;;;;;;;;;;;;;
;ABBKT-STE/PP01;INV;;;;2;;;;;;;;;;;
;ABBKT-TABLET/00501;INV;1;;;;;;;;;;;;;;
;ABBKT-TABLET/00501;PKG;13;12;9;6;;;;;;;;;;;
;ABC1221-000101;INV;21;32;47;18;16;;2;;;;;;1;1;
;ABC1221-000101;PKG;6;16;29;11;12;;;5;1;;2;;;1;
;ABC1221-000201;INV;36;37;60;23;23;;;5;;4;2;3;;2;
;ABC1221-000301;INV;15;54;58;59;20;;2;;1;2;;1;;;
;ABC1221-000301;PKG;9;42;69;54;23;3;;2;2;;1;2;;1;
;ABC1221-000401;INV;21;77;97;107;37;5;2;;1;1;;2;;;
;ABC1221-000401;PKG;;10;;;;;;;;;;;;;
;ABC1222-001501;INV;94;199;229;206;77;5;7;6;3;7;3;6;;;
;ABC1222-001501;PKG;15;48;98;65;35;3;;7;3;;3;2;;2;
;ABC1225-000101;INV;2;1;3;3;;;;;;;;;;;
;ABC1225-000101;PKG;1;;;;;;;;;;;;;1;
;ABC1225-100701;INV;;;;1;3;;;;;;;2;;;
;ABC1225-101101;INV;0;0;0;;3;;;;;;;;;;
;ABC1225-102001;INV;3;;1;2;;;;;;;;;;;
;ABC1226-000101;INV;;;1;1;;;;;;;;;;;
;ABC1234-000501;PKG;7;;;;;;;;;;;;;;
;ABC1234-000601;INV;45;41;15;10;1;;1;;;;-9;;;;
;ABC1234-000601;PKG;173;518;555;204;151;7;7;5;6;1;5;1;;4;
;ABC1234-000701;INV;41;3;2;-3;2;;;1;;;-9;2;;;
;ABC1234-000701;PKG;293;778;808;397;267;16;14;10;14;5;11;3;1;10;
;ABC1234-101701;INV;67;104;87;83;58;5;;5;6;2;1;4;3;2;
;ABC1234-101801;INV;41;109;136;82;72;12;1;2;3;1;9;4;7;5;
;ABC1234-207701;INV;;;6;2;2;;;;;;;;;;
;ABC1237-000101;PKG;2;;;;;;;;;;;;;;
;ABC1237-101501;INV;21;40;40;45;22;;4;1;3;;2;4;4;;
;ABC1239-000101;INV;5;;;;;;;;;;;;;;
;ABC1241-110001;INV;;2;;1;;;;;;;;;;;
;ABC1241-152001;INV;3;;1;;;;;;;;;;;;
;ABC1241-154001;INV;3;2;2;2;;;;;;;;;;;
;ABC1241-160001;INV;2;1;;;;;;;;;;;;;
;ABC1241-170001;INV;1;1;1;;;;;;;;;;;;
;ABC1241-185001;INV;;1;;;;;;;;;;;;;
;ABC1241-190001;INV;;;;;1;;0;;;;;;;;
;ABC1242-000101;INV;-1;;;;;;;;;;;;;;
;ABC1242-100101;INV;-1;1;3;;;;;;;;;;;;
;ABC1243-000101;INV;4;1;3;;;;;;;;;;;;
;ABC1243-000201;INV;;3;;;;;;;;;;;;;
;ABC1243-110701;INV;4;10;;;;;;;;;;;;;
;ABC1243-111601;INV;1;;-1;;;;;;;;;;;;
;ABC1243-111701;INV;-1;1;2;;7;;;;;;;;;;
;ABC1243-112201;INV;3;1;3;1;;;;;;;;;;;
;ABC1243-112301;INV;5;3;3;4;;;;;;;;;1;;
;ABC1243-112401;INV;;;4;;;;;;;;;;;;
;ABC1243-112501;INV;9;7;3;10;4;;;;;;;1;;;
;ABC1243-112601;INV;2;1;9;;;;;;;;;;;;
;ABC1243-112801;INV;2;2;1;;;;;;;;;;;;
;ABC1243-112901;INV;1;1;0;;;;;;;;;;;;
;ABC1243-113101;INV;3;2;1;;;;;;;;;;;;
;ABC1243-214901;INV;12;15;4;1;2;1;;;;;;;;;
;ABC1243-217101;INV;-2;;;;;;;;;;;;;;
;ABC1243-217201;INV;4;4;2;2;1;;;;;;;1;;;
;ABC1243-217301;INV;1;;2;1;1;;;;;;;;;;
;ABC1243-218301;INV;;1;;;;;;;;;;;;;
;ABC1244-000101;INV;1;1;;;;;;;;;;;;;
;ABC1244-000201;INV;;2;;;;;;;;;;;;;
;ABC1244-100101;INV;1;1;;;;;;;;;;;;;
;ABC1244-100201;INV;1;1;1;;;;;;;;;;;;
;ABC1244-100301;INV;7;10;3;;2;;;2;;;;;;2;
;ABC1245-100101;INV;5;;;;;;;;;;;;;;
;ABC1245-204001;INV;2;2;7;;;;;;;;;;;;
;ABC1245-204101;INV;;;18;2;;;;;;;;;;;
;ABC1248-100101;INV;12;21;25;10;18;;1;;;;;1;;2;
;ABC1250-000101;INV;21;41;48;31;17;2;;2;;;1;1;2;;
;ABC1250-000201;INV;48;56;69;63;47;5;4;1;3;;1;1;2;3;3
;ABC1250-000301;INV;9;7;34;29;7;;;1;;;1;;;1;
;ABC1251-000101;INV;59;88;77;13;13;;;;;;;;1;;2
;ABC1251-000101;PKG;2;;;7;31;2;10;7;2;4;3;2;3;4;
;ABC1252-000101;INV;66;117;139;42;30;;;2;1;;;1;1;;2
;ABC1252-000101;PKG;23;18;37;32;38;6;5;7;2;3;3;1;1;4;
;ABC1255-000101;INV;12;29;87;13;10;;;1;4;1;;;;1;
;ABC1255-000101;PKG;25;23;39;53;28;5;2;2;2;;1;1;;3;
;ABC1255-000201;INV;8;15;28;5;12;;;;;;;1;;1;
;ABC1255-000201;PKG;20;11;23;17;6;3;1;;2;;;;1;;
;ABC1257-000101;INV;2;;4;;;;;;;;;;;;
;ABC1257-100201;INV;19;33;3;1;;;;;;;;;;;
;ABC1257-100301;INV;1;;;;;;;;;;;;;;
;ABC1257-100401;INV;1;;-1;;;;;;;;;;;;
;ABC1258-000101;INV;17;19;27;15;24;5;;1;1;1;1;2;2;;1
;ABC1258-000101;PKG;25;16;27;45;27;4;8;2;4;1;1;2;3;3;
;ABC1260-000101;PKG;22;;;;;;;;;;;;;;
;ABC1260-000201;INV;18;2;8;6;7;;;;;;;;;;
;ABC1260-000201;PKG;120;260;253;193;115;9;7;5;8;4;6;2;1;6;
;ABC1261-000101;INV;16;8;20;13;14;;2;;4;;;;;;2
;ABC1262-000201;INV;1;13;18;13;8;1;;;1;;3;2;;1;
;ABC1264-000101;INV;218;70;221;393;46;2;3;2;2;3;154;1;2;2;
;ABC1265-000101;INV;103;154;140;55;33;7;1;3;6;1;3;4;2;6;2
;ABC1265-000101;PKG;120;172;267;102;110;8;11;10;4;8;15;4;12;24;
;ABC1266-000101;INV;-2;;-2;-10;-1;;;;;;;;;;
;ABC1266-000101;PKG;157;199;297;107;98;7;3;5;2;5;13;2;9;22;
;ABC1267-000101;INV;75;98;136;66;37;;1;3;4;;3;;2;7;
;ABC1267-000101;PKG;;;;;6;;1;1;;;4;;;2;
;ABC1268-000101;INV;21;20;35;14;14;;2;1;3;;;;;1;
;ABC1268-000101;PKG;;;;;44;6;;2;2;4;8;2;9;18;
;ABC1275-000201;INV;;;;;;;;;;;1;1;;;-5
;ABC1275-000201;PKG;;;;;35;1;2;11;7;11;7;4;2;10;
;ABC1275-000701;INV;;;;;;;;;;;;;;;-5
;ABC1275-000701;PKG;;;;;35;1;2;11;7;11;7;4;2;10;
;ABC1275-101001;INV;;;;;8;1;;5;1;;;3;3;;
;ABC1504-100001;INV;188;238;283;136;120;2;1;5;3;9;7;;5;8;
;ABCAB-EXT/USB01;INV;8;14;4;5;;;;;;;;;;;
;ABCAB-MAINS01;INV;-1;0;;;;;;;;;;;;;
;ABCAB-MAINS01;PKG;100;167;126;17;3;;;;;;;;;1;
;ABCAB-PSU/00101;INV;4;;;1;;;;;;;;;;;
;ABCAB-PSU/00201;INV;1;;-1;;;;;;;;;;;;
;ABCAB-PSU/00201;PKG;42;52;24;;;;;;;;;;;;
;ABCAB-QBOX/00101;INV;-5;3;-2;;;;;;;;;;;;
;ABCAB-QBOX/00101;PKG;28;28;24;13;4;;;;;;;;;;
;ABCAB-VGA/00101;INV;-4;-1;-5;-4;;;;;;;;;;;
;ABCAB-VGA/00101;PKG;299;470;295;50;5;1;;;;;;;;1;
;ABCAB-VGA/00501;INV;;;-2;;;;;;;;;;;;
;ABCAB-VGA/00501;PKG;4;8;6;;;;;;;;;;;;
;ABCAS-ESPM/00301;INV;1;3;4;4;-1;;;;;;;;;;
;ABCAS-ESPM/00301;PKG;2;;2;10;10;2;1;;1;;;;1;6;
;ABCAS-LWA01;INV;1;1;;;;;;;;;;;;;
;ABCAS-MWA01;INV;1;1;;;;;;;;;;;;;
;ABCAS-SSP10/DSLR01;PKG;2;3;1;;;;;;;;;;;;
;ABCAS-SSP10B01;INV;3;9;7;3;1;;;;;;;;;;
;ABCAS-SSP10B01;PKG;48;53;32;2;;;;;;;;;;;
;ABCAS-SSP17/L01;INV;30;40;27;13;2;;;;;;;1;;;
;ABCAS-SSP17/L01;PKG;61;64;48;11;;;;;;;;;;;
;ABCLOCKPLUS-E01;INV;3;3;;;;;;;;;;;;;
;ABCON-2B/USB01;INV;14;15;18;17;5;1;1;1;;;;;;;
;ABCON-2B/USB01;PKG;26;24;20;13;;;;;;;;;;;
;ABCON-FC/SERIAL01;INV;2;;;;;;;;;;;;;;
;ABCON-FC/USB/00101;INV;44;44;36;25;41;3;1;2;;3;2;2;;;
;ABCON-FC/WIRELESS01;INV;12;35;6;3;3;;;;;;;;;;
;ABCON-FC/WIRELESS01;PKG;14;7;10;9;2;;;2;;;;;;;
;ABCON-IPAD01;INV;144;91;66;31;1;;;;;;;;;;
;ABCON-IPAD01;PKG;27;36;25;2;;;;;;;;;;;
;ABCON-IPAD/BLUETOOTH01;INV;19;28;3;5;5;;;;;;;;1;;
;ABCON-IPAD/BLUETOOTH01;PKG;23;26;8;1;;;;;;;;;;;
;ABCON-MB/USB01;INV;18;13;8;12;;;;;;;;;;;
;ABCON-MB/USB01;PKG;14;13;9;4;;;;;;;;;;;
;ABCON-MULTI/BOX01;INV;1;;;;;;;;;;;;;;
;ABCON-MULTI/USB01;INV;-1;;;;;;;;;;;;;;
;ABCON-SE01;INV;161;295;177;202;127;6;4;7;9;11;12;6;7;4;
;ABCON-SE01;PKG;100;118;84;29;10;2;1;;1;;;;1;6;
;ABCON-SP01;INV;8;14;8;4;6;;;;;;;;;;
;ABCON-SP01;PKG;14;15;15;9;4;;;;;;;;;;
;ABCON-WI01;INV;126;125;102;70;86;11;;;2;;16;;;12;
;ABCUE-DIGITALCUE01;INV;19;23;22;14;6;;;;;;;;;;
;ABCUE-MINI01;INV;5;;3;;0;;;;;;;;;;
;ABCUE-SEN01;INV;18;9;11;;2;;;;;;;;;;
;ABD200001;INV;2;;;;;;;;;;;;;;
;ABD200-20301;INV;-1;;;;;;;;;;;;;;
;ABD200-20301;PKG;9;16;7;2;;;;;;;;;;;
;ABDN-PLUG01;INV;1;;-1;1;;;;;;;;;;;
;ABDN-PLUG01;PKG;2;4;3;;;;;;;;;;;;
;ABDN-VGA/00201;INV;3;;-1;1;;;1;;;;;;;;
;ABDN-VGA/00201;PKG;2;4;3;;;;;;;;;;;;
;ABDN-VGA/00301;INV;;1;;;;;;;;;;;;;
;ABDN-VGA/00301;PKG;2;1;2;;;;;;;;;;;;
;ABEPIC19R-SDI2-ME01;INV;;;;;;1;;;;;;;;;
;ABESP-GLASS/00101;INV;2;5;5;7;-2;;;;;;;;;;
;ABESP-GLASS/00101;PKG;36;56;64;53;21;4;2;;;;;;;;
;ABESP-MAN/01101;INV;;;-1;1;-2;;;;;;;;;;
;ABESP-MAN/01101;PKG;36;57;64;53;21;4;2;;2;;;;2;12;
;ABESP-MAN/01201;INV;;;-1;1;-2;;;;;;;;;;
;ABESP-MAN/01201;PKG;36;57;64;53;21;4;2;;2;;;;2;12;
;ABF205601;INV;;;;1;;;;;;;;;;;
;ABFH-SE01;PKG;10;1;2;;;;;;;;;;;;
;ABFH-XWE01;INV;0;4;;0;-1;;;;;;;;;;
;ABFH-XWE01;PKG;73;74;168;80;95;11;7;3;;24;18;4;7;1;1
;ABG452-04401;INV;12;8;9;;;;;;;;;;;;
;ABG452-04401;PKG;9;16;7;2;;;;;;;;;;;
;ABGL-ESP01;INV;35;35;18;49;6;1;2;1;2;1;;;;1;
;ABGL-ESP01;PKG;46;63;80;82;31;6;3;;3;;;;3;18;
;ABGL-LWA01;INV;23;40;30;26;14;;6;;3;4;;3;;;
;ABGL-LWA01;PKG;28;70;49;30;14;;;;;;;;;;
;ABGL-MWA01;INV;60;69;51;30;25;1;1;2;1;2;;4;;1;
;ABGL-MWA01;PKG;346;555;334;77;7;2;;1;1;;;;;1;
;ABGL-SWA01;INV;59;61;45;20;27;;3;2;1;2;1;2;;1;
;ABGL-SWA01;PKG;165;173;93;21;7;1;;;;;;;;;
;ABGL-USSTANDARD01;INV;1;;;;;;;;;;;;;;
;ABHC-101;INV;2;1;;;;;;;;;;;;;
;ABHD-FH01;INV;1;1;2;1;;;;;;;;;;;
;ABHD-FH01;PKG;11;2;5;;;;;;;;;;;;
;ABHD-LWA01;INV;1;8;11;2;-1;;;;;;;;;;
;ABHD-LWA01;PKG;27;69;49;30;14;;;;;;;;;;
;ABHD-MWA01;INV;4;-1;2;-4;;;;;;;;;;;
;ABHD-MWA01;PKG;52;109;55;29;2;1;;;1;;;;;;
;ABMFC01;INV;2;;;;;;;;;;;;;;
;ABMH-GHK01;INV;3;6;1;;;;;;;;;;;;
;ABMH-GHK01;PKG;57;39;4;;;;;;;;;;;;
;ABMH-LWRI01;INV;;6;1;;;;;;;;;;;;
;ABMH-LWRI01;PKG;57;39;4;;;;;;;;;;;;
;ABMH-SIDEBKT01;INV;3;4;;;;;;;;;;1;;;
;ABMH-SIDEBKT01;PKG;54;39;4;;;;;;;;;;;;
;ABMH-SUP01;PKG;;2;2;;;;;;;;;;;;
;ABMH-SWRI01;PKG;;2;2;;;;;;;;;;;;
;ABMH-WUP01;INV;7;14;;;;;;;;;;;;;
;ABMH-WUP01;PKG;57;29;2;;;;;;;;;;;;
;ABMH-WWRI01;INV;2;6;1;;;;;;;;;;;;
;ABMH-WWRI01;PKG;55;37;2;;;;;;;;;;;;
;ABMJ-CPY01;INV;;;;2;;;;;;;;;;;
;ABMJ-PICO01;INV;1;;;;;;;;;;;;;;
;ABMON-FOCUS-OLED-SDI01;INV;-1;;;;;;;;;;;;;;
;ABMON-MSP/17SDI01;INV;6;12;9;-1;;;1;2;;;;;;;
;ABMON-MSP/17SDI01;PKG;32;60;40;;;;;;;;;;;;
;ABMON-MSP/2001;INV;;-1;;;;;;;;;;;;;
;ABMON-MSP/2001;PKG;1;;;;;;;;;;;;;;
;ABMON-MSP/20SDI01;INV;9;7;6;;;;;;;;;;;;
;ABMON-MSP/20SDI01;PKG;22;56;26;;;;;;;;;;;;
;ABMON-PSP/0801;INV;5;;-1;;;;;;;;;;;;
;ABMON-PSP/0801;PKG;8;14;9;;;;;;;;;;;;
;ABMON-PSP/1201;INV;5;4;;;;;;;;;;;;;
;ABMON-PSP/1201;PKG;8;20;6;1;;;;;;;;;;;
;ABMON-PSP/1701;INV;7;14;3;-3;;;;;;;;;;;
;ABMON-PSP/1701;PKG;65;88;19;;;;;;;;;;;;
;ABMON-PSP/17/ESP01;INV;3;2;1;;;;;;;;;;;;
;ABMON-PSP/17/ESP01;PKG;5;5;3;;;;;;;;;;;;
;ABMON-SSP/1001;INV;-1;;;;;;;;;;;;;;
;ABMON-SSP/1001;PKG;34;38;15;;;;;;;;;;;;
;ABMON-SSP/12ULITE01;INV;-2;;;;;;;;;;;;;;
;ABMON-SSP/1501;INV;;-2;;;;;;;;;;;;;
;ABMON-SSP/1501;PKG;43;57;33;5;;;;;;;;;;;
;ABMON-SSP/15ULITE01;PKG;;1;1;;;;;;;;;;;;
;ABMON-SSP/1701;INV;-3;0;-6;-1;;;;;;;;;;;
;ABMON-SSP/1701;PKG;175;259;180;40;;;;;;;;;;;
;ABMON-SSP/1901;INV;;1;0;3;;;;;;;;;;;
;ABMON-SSP/1901;PKG;41;105;60;5;5;1;;;;;;;;1;
;ABMON-TFM/2201;INV;-1;1;;;;;;;;;;;;;
;ABMON-TFM/2201;PKG;19;31;18;3;;;;;;;;;;;
;ABMRFS-E01;INV;-2;;;;;;;;;;;;;;
;ABMRFS-E01;PKG;8;6;14;19;;;;;;;;;;;
;ABMT-ARRI01;INV;;;4;;;;;;;;;;;;
;ABMT-CAM/LARGE01;INV;;1;;;;;;;;;;;;;
;ABMT-CAM/LARGE01;PKG;;;;;;;;;1;;1;;;;
;ABMT-CLOCK/LTCVITC01;INV;;7;13;10;9;;;;;;;;;;
;ABMT-CW01;INV;61;139;121;51;14;;6;;;;;;;;
;ABMT-CW/EXT01;INV;26;57;22;13;18;;;;;;;;;;
;ABMT-GP01;INV;7;9;1;-2;;;;;;;;;;;
;ABMT-GP01;PKG;11;30;11;2;;;;;;;;;;;
;ABMT-GP/CAM01;INV;1;1;2;;;;;;;;;;;;
;ABMT-GP/HH01;INV;4;28;6;2;;;;;;;;;;;
;ABMT-MA/SMALL01;PKG;13;12;9;6;;;;;;;;;;;
;ABMT-PP01;INV;7;16;13;7;7;;;;;;;;;;
;ABMT-PP01;PKG;79;151;96;49;14;1;;;1;;;;;;
;ABMT-PP/OFFSET01;PKG;;;;;;;;;1;;1;;;;
;ABMT-PP/ROD01;INV;;1;2;;4;;;;3;;;;;;
;ABMT-PP/ROD01;PKG;3;8;12;3;2;;;;;;;;;;
;ABMT-PTZ01;INV;7;18;9;17;8;8;;2;;23;1;;;;
;ABMT-ROD/LONG01;INV;1;7;13;3;;;;1;;;;;1;;
;ABMT-ROD/LONG01;PKG;4;11;7;9;2;;;;;;;;;;
;ABMT-ROD/SHORT01;INV;;1;2;2;3;;;;;;;;;;
;ABMT-ROD/SHORT01;PKG;3;8;12;3;2;;;;;;;;;;
;ABMT-SSP/COMP10L01;PKG;5;1;;;;;;;;;;;;;
;ABMT-SSP/COMP17L01;PKG;13;12;1;;2;;;;;;;;;;
;ABMT-SSP/COMPIPADL01;INV;-1;;;;;;;;;;;;;;
;ABMT-SSP/COMPIPADL01;PKG;44;29;19;1;1;;;;;;;;;;
;ABMT-SSP/COMPLETE1001;INV;0;;;;;;;;;;;;;;
;ABMT-SSP/COMPLETE1001;PKG;29;37;15;;;;;;;;;;;;
;ABMT-SSP/COMPLETE1701;INV;-1;-3;-4;-3;;;;;;;;;;;
;ABMT-SSP/COMPLETE1701;PKG;270;402;272;48;3;1;;1;;;;;;1;
;ABMT-SSP/COMPLETEIPAD01;PKG;46;53;44;11;6;1;;;;;;;;;
;ABMT-SSP/COMPULITE01;INV;-2;;;;;;;;;;;;;;
;ABMT-SSP/COMPULITE01;PKG;;30;1;;;;;;;;;;;;
;ABMT-SSP/DSLR01;INV;7;14;9;3;;;;;;;;;;;
;ABMT-SSP/DSLR01;PKG;23;26;8;1;;;;;;;;;;;
;ABMT-SSP/DSLR/00101;INV;3;2;1;;;;;;;;;;;;
;ABMT-SSP/DSLR/00101;PKG;23;26;8;1;;;;;;;;;;;
;ABMT-SSP/DSLR/00201;INV;1;;;-2;;;;;;;;;;;
;ABMT-SSP/DSLR/00201;PKG;41;53;15;9;;;;;;;;;;;
;ABMT-TFM01;INV;;7;1;5;3;;;;;;;;;;
;ABMT-TFM01;PKG;9;21;16;21;8;;;;;;;;;;
;ABP7008-000101;PKG;;;;;;;2;;;;;;;;
;ABP7008-000201;INV;;;;;-2;;;;;;;;;;
;ABP7008-000201;PKG;;;34;47;8;1;;6;1;;;;;;
;ABP7008-001101;INV;;;;;-1;;-3;;;;;;;;
;ABP7008-001101;PKG;;;16;67;53;4;11;1;12;;3;2;2;5;1
;ABP7008-001201;PKG;;;21;64;62;6;3;2;6;7;2;1;1;4;
;ABP7008-498101;PKG;;;;;10;6;2;6;1;2;1;2;;2;
;ABP7009-000101;INV;;;;11;3;-1;-3;;;;;;;;
;ABP7009-000101;PKG;;;6;42;43;3;6;1;9;4;1;;2;1;
;ABP7010-000101;INV;;;;;-2;;;;;;;;;;
;ABP7010-000101;PKG;;;;28;24;;1;2;2;8;;3;6;4;
;ABP7010-000201;INV;;;;;-3;;;;;;;1;;;
;ABP7010-000201;PKG;;;;60;54;4;5;6;4;3;1;7;3;14;
;ABP7011-000101;INV;;;;;;;-3;;;;;;;;
;ABP7011-000101;PKG;;;;28;28;7;11;1;11;;1;;2;2;
;ABP7011-000201;INV;;;;3;-6;;;;;1;;;;;
;ABP7011-000201;PKG;;;;106;106;5;7;10;11;16;3;8;8;10;
;ABP7011-000301;INV;;;;;2;;;;;;;;;;
;ABP7011-000301;PKG;;;;;2;;;;;;;;;;
;ABP7011-001101;INV;;;;2;-3;;-3;;;;;;;;
;ABP7011-001101;PKG;;;;131;134;12;18;11;22;16;4;8;10;12;
;ABP7011-001201;INV;;;;;1;;;;;;;;;;
;ABP7011-001201;PKG;;;;3;8;;;;;;;;;;
;ABP7011-001301;INV;;;;;2;;;;;;;;;;
;ABP7011-001301;PKG;;;;;2;;;;;;;;;;
;ABP7011-498401;PKG;;;;;1;;;;;;;;;;
;ABP7011-498501;PKG;;;;;2;4;;;;;;;;;
;ABP7015-000101;INV;;;;3;4;;;1;;;;;1;1;
;ABP7015-000101;PKG;;;;3;7;1;;;;;;;;2;
;ABP7015-000201;INV;;;;10;1;;;;;;2;;;;
;ABP7015-000301;INV;;;;2;;;;1;;;1;;;;
;ABP7015-000301;PKG;;;;4;3;1;1;;1;;;;1;4;
;ABP7015-500201;INV;;;;;2;;;;;;;;;;
;ABP7015-500201;PKG;;;;5;3;1;1;;1;;;;1;4;
;ABP7015-500501;INV;;;;;2;;;;;;5;;;;
;ABP7015-501001;INV;;;;-1;2;;-6;;;;3;;;;
;ABP7015-501001;PKG;;;;178;201;18;27;19;33;22;6;15;13;19;
;ABP7015-502001;INV;;;;3;4;;;;7;33;3;;;;
;ABP7015-510201;PKG;;;;4;7;1;;;;;;;;2;
;ABP7015-511001;INV;;;;;1;;;;;;;;;;
;ABP7016-000101;INV;;;;;11;;;;;;;;1;;
;ABP7017-000101;INV;;;;55;104;7;5;6;23;9;9;7;7;20;1
;ABP7017-000101;PKG;;;;5;3;1;1;;1;;;;1;4;
;ABP7017-000201;INV;;;;;-2;;;;;;;;;;
;ABP7017-000201;PKG;;;;65;65;2;4;7;4;11;1;5;7;10;
;ABP7017-001101;INV;;;;50;63;-14;3;10;6;4;5;2;3;9;
;ABP7017-001101;PKG;;;;4;7;1;;;;;;;;2;
;ABP7017-002101;INV;;;;;;3;2;;1;;3;1;1;;1
;ABP7017-002201;INV;;;;;;;;;;;1;1;;1;
;ABP7018-185001;INV;;;;;6;1;;3;;1;1;1;;1;
;ABPAC-01701;INV;171;176;162;101;80;6;3;7;9;10;6;4;1;4;
;ABPAC-01701;PKG;7;26;32;;;;;;;;;;;;
;ABPAC-01801;INV;6;16;7;3;2;;;;;;;;;;
;ABPAC-LWA01;INV;;1;7;3;-1;;;;;;;;;;
;ABPAC-LWA01;PKG;28;71;49;30;14;;;;;;;;;;
;ABPAC-MWA01;INV;;;;-4;;;;;;;;;;;
;ABPAC-MWA01;PKG;59;98;60;29;2;1;;;1;;;;;;
;ABRDP-CNF01;INV;-2;;;;0;;;;;;;;;;
;ABRDP-CNF01;PKG;8;6;14;19;;;;;;;;;;;
;ABRGFH-801;INV;6;8;2;;;;;;;;;;;;
;ABRGFH-S01;INV;14;37;16;19;1;;;;;;;;3;;
;ABRGFH-S01;PKG;10;1;2;;;;;;;;;;;;
;ABRGFH-XW01;INV;16;31;22;23;18;;;;2;2;3;3;2;1;
;ABRGFH-XW01;PKG;72;75;168;80;95;11;7;3;;24;18;4;7;1;1
;ABRGMH-S01;INV;4;7;13;3;6;;;;;1;;;;;
;ABRGMH-S01;PKG;;2;2;;;;;;;;;;;;
;ABRGMH-W01;INV;47;41;32;15;8;1;;;;1;3;2;1;;
;ABRGMH-W01;PKG;57;29;2;;;;;;;;;;;;
;ABS2001-105601;INV;;-1;-3;;;;;;;;;;;;
;ABS2001-105601;PKG;18;16;1;5;5;;;;;;1;1;1;;
;ABS2001-190401;INV;;;;;1;;;;;;;;;;
;ABS2003-000301;INV;3;;;;;;;;;;;;;;
;ABS2003-000301;PKG;6;5;;;;;;;;;;;;;
;ABS2003-202001;PKG;6;5;;;;;;;;;;;;;
;ABS2004-000101;INV;2;;4;;;;;;;;;;;;
;ABS2004-000101;PKG;6;5;;;;;;;;;;;;;
;ABS2005-000101;INV;2;;;;;;;;;;;;;;
;ABS2005-000101;PKG;6;5;;;;;;;;;;;;;
;ABS2014-190001;INV;;;2;;1;;;;;;;;;;
;ABS2019-185001;INV;;;;;3;;;;;;;;;;
;ABS2020-190001;INV;2;3;9;2;6;;6;1;;6;;;;;
;ABS2021-185101;PKG;;;;;4;2;;4;;;;;;2;
;ABS2024-150001;INV;3;;5;4;8;;;;1;2;1;1;1;;
;ABS2034-000101;INV;;;;;2;;;1;;;;;;2;
;ABS2034-000101;PKG;;;;;38;2;;;12;1;5;;2;;
;ABS2036-000201;INV;39;34;80;31;3;;;;;;;;;;
;ABS2036-000201;PKG;301;400;695;399;120;;;;;;;;;;
;ABS2036-000301;INV;13;86;53;19;1;;;;;;;;;;
;ABS2036-000301;PKG;160;348;332;180;40;;;;;;;;;;
;ABS2036-110001;INV;10;16;10;9;3;;;1;;;;;;;
;ABS2036-120001;INV;79;76;122;129;141;3;5;4;21;2;6;19;;;
;ABS2036-191101;INV;23;18;20;19;11;;1;1;;;2;;;;
;ABS2038-100001;INV;1;9;14;16;2;;;;;2;;1;;1;
;ABS2038-100001;PKG;;1;;;;;;;;;;;;;
;ABS2044-000101;INV;99;75;54;49;0;1;3;3;7;;1;;3;3;
;ABS2044-000101;PKG;598;721;803;455;468;;82;23;14;22;25;32;14;22;12
;ABS2045-000101;INV;30;-3;;6;;;;;;;;;;;
;ABS2045-000101;PKG;352;42;;;;;;;;;;;;;
;ABS2046-000101;INV;37;4;-1;;;;;;;;;;;;
;ABS2046-000101;PKG;281;24;;;;;;;;;;;;;
;ABS2051-000101;INV;-52;-9;-1;;3;;;;;;;;;;
;ABS2051-000101;PKG;5560;373;;;;;;;;;;;;;
;ABS2051-000601;INV;1;0;-1;0;-14;;3;;;;5;1;1;;
;ABS2051-000601;PKG;326;8015;6366;5602;6711;232;292;224;390;481;1015;168;286;537;44
;ABS2051-106101;INV;105;219;135;112;91;3;5;6;8;17;21;5;6;23;5
;ABS2051-106101;PKG;3566;3146;1645;1364;1287;75;75;80;68;57;118;39;29;108;13
;ABS2051-106201;INV;;105;94;159;100;3;7;11;26;10;31;15;16;24;4
;ABS2051-106201;PKG;;5300;5677;4276;4639;146;201;164;318;432;517;151;163;416;33
;ABS2051-106301;INV;;;;;15;;;;;;3;4;2;2;
;ABS2051-106501;INV;;-1;-1;-1;3;-1;;;;;;;;;
;ABS2051-106501;PKG;;944;412;327;178;7;13;7;21;5;18;14;15;4;2
;ABS2051-107001;PKG;7;1;;;;;;;;;;;;;
;ABS2051-107401;INV;164;147;167;274;127;14;16;18;8;7;5;11;11;10;
;ABS2051-190001;INV;13;13;38;52;48;5;1;1;2;1;4;27;6;8;
;ABS2051-190001;PKG;;;;;9;1;6;4;15;1;7;16;15;;
;ABS2051-190101;INV;;;;;14;3;5;11;15;10;6;8;;1;
;ABS2051-205501;INV;244;304;524;411;340;37;45;23;49;38;16;34;48;32;1
;ABS2051-910001;INV;;;;8;2;;1;;;;;;;;
;ABS2052-000101;INV;-26;-17;3;-2;-20;;;;-1;;;;;-1;
;ABS2052-000101;PKG;1300;1878;2075;1153;1013;46;105;77;60;48;43;33;28;93;14
;ABS2052-105101;INV;3;7;24;1;16;3;1;4;1;2;4;;1;1;
;ABS2052-105301;INV;2;6;14;6;12;4;2;1;;;1;1;3;;
;ABS2052-107001;INV;1;18;;4;;;;;;;5;;;;
;ABS2052-107001;PKG;11;18;3;;;;;;;;;;;;
;ABS2052-110001;INV;97;198;141;165;147;10;11;10;23;6;13;6;21;9;1
;ABS2052-110001;PKG;298;355;430;287;307;39;10;21;14;5;10;8;10;37;2
;ABS2052-185001;INV;-10;-2;-1;;3;;;;;;;;;;
;ABS2052-185001;PKG;1156;1044;845;778;1009;42;18;18;26;23;224;10;12;35;3
;ABS2052-190001;INV;;;;;11;13;8;21;35;9;16;1;14;4;
;ABS2052-910001;INV;;;;17;12;;1;;;;;;;;
;ABS2054-100101;INV;134;266;311;322;272;;;;;;;;;;
;ABS2054-100101;PKG;5064;6712;5249;4592;3973;;;;;;;;;;
;ABS2055-000101;INV;300;387;251;166;178;6;13;28;10;12;29;8;13;28;1
;ABS2055-190001;INV;8;9;10;7;6;;;;;;1;8;1;;
;ABS2056-000101;INV;43;110;135;100;87;4;2;11;1;5;12;3;7;13;5
;ABS2056-000101;PKG;1097;1406;1617;957;734;43;96;62;47;34;33;19;24;76;13
;ABS2057-000101;INV;27;85;68;48;95;4;2;4;;1;1;5;4;5;
;ABS2057-190001;INV;8;15;5;9;6;;;;;;;;;;
;ABS2058-000101;INV;32;91;49;86;26;22;2;6;5;2;3;14;1;2;
;ABS2058-000101;PKG;887;1836;1423;1152;1150;40;65;64;61;66;89;33;45;109;8
;ABS2058-107001;INV;-97;115;225;281;325;42;37;43;24;13;29;16;45;20;1
;ABS2058-107001;PKG;19435;26364;22146;18114;20679;738;1029;771;1266;1407;3024;564;900;1746;162
;ABS2058-190001;INV;;;;;4;;;;;;;;;;
;ABS2064-000101;INV;;2;-1;-7;-15;;;;;;;;;;
;ABS2064-000101;PKG;21;1961;1915;1439;1497;49;55;45;72;160;62;30;99;43;1
;ABS2065-000101;INV;;93;204;109;87;10;4;4;19;3;4;11;10;7;3
;ABS2065-000101;PKG;;325;585;297;246;8;17;17;2;11;44;6;10;46;1
;ABS2065-000201;INV;;;;;32;;;10;;;;;;;
;ABS2068-000101;INV;;-3;-4;-3;4;;1;;;;2;;-1;;
;ABS2068-000101;PKG;128;2332;1857;1380;1857;57;89;57;101;159;294;41;12;165;14
;ABS2068-000201;INV;;-4;-3;1;-4;-1;;;;;;;;;
;ABS2068-000201;PKG;33;1469;1198;1106;1019;35;43;22;126;92;129;71;31;144;20
;ABS2068-195001;INV;;;13;6;4;;;;;;;;;;
;ABS2069-000101;INV;;172;411;207;253;42;7;42;37;30;43;15;11;15;
;ABS2069-000101;PKG;;356;873;402;423;8;29;51;42;27;37;27;40;95;
;ABS2069-000201;INV;;;50;111;30;;;;;10;;5;;5;
;ABS2069-000201;PKG;;103;47;;16;;;;;;;;;;1
;ABS2072-000101;INV;;0;-16;2;-2;;;;;;;;3;;
;ABS2072-000101;PKG;;994;592;320;189;4;20;21;24;8;11;10;9;14;
;ABS2072-000201;INV;;;2;-1;-1;;;-5;;;;;;;
;ABS2072-000201;PKG;;;310;207;148;8;8;17;19;7;4;5;3;2;
;ABS2073-000101;INV;;;134;35;43;1;6;2;14;2;2;7;14;1;
;ABS2073-000101;PKG;;;113;132;80;7;1;3;4;6;10;9;2;13;
;ABS2074-000201;INV;;;;-21;-8;;;;;;;;1;-1;
;ABS2074-000201;PKG;;;209;135;91;2;2;;1;9;6;3;;10;
;ABS2076-000201;INV;;2;-1;2;0;;;;;;;-1;;-2;
;ABS2076-000201;PKG;;8;255;149;171;3;6;14;11;2;6;3;3;6;
;ABS2077-000201;INV;;;78;102;35;;16;9;3;1;1;;1;;
;ABS2077-000201;PKG;;;137;79;123;;4;3;7;;4;5;4;7;
;ABS2080-000101;INV;;424;118;15;1;;;;;;;;;;
;ABS2080-000201;INV;;60;56;;;;;;;;;;;;
;ABS2080-000201;PKG;;13;2;;;;;;;;;;;;
;ABS2080-000301;INV;24;1375;954;683;467;24;6;33;25;76;84;23;29;30;2
;ABS2080-000301;PKG;;9;2;2;7;2;1;2;2;;1;3;1;3;
;ABS2080-000401;INV;;144;136;180;94;6;2;4;12;14;14;3;5;1;
;ABS2080-000401;PKG;;12;9;10;1;;;;;;1;1;1;;
;ABS2080-000501;INV;;856;316;207;157;5;20;3;31;7;15;7;8;6;3
;ABS2080-000601;INV;;47;72;67;24;3;1;;;1;;3;;;
;ABS2080-000701;INV;;11;;3;;;;;;-1;;1;2;;
;ABS2080-000701;PKG;;21;11;13;13;2;1;2;2;;2;4;2;4;
;ABS2080-000801;INV;;7;20;8;7;1;;;;;6;1;1;;
;ABS2080-000901;INV;;10;;;;;;;;;;;;;
;ABS2080-000901;PKG;;30;;;;;;;;;;;;;
;ABS2080-001201;INV;;;179;355;445;16;12;57;37;64;80;20;78;29;1
;ABS2080-001301;INV;;;118;241;201;4;3;23;25;7;8;19;14;26;1
;ABS2080-001301;PKG;;;15;10;14;;;;;;1;;1;;
;ABS2080-101201;INV;;;4;;;;;;;;;;;;
;ABS2082-100001;INV;;;;;158;16;22;23;16;24;115;29;42;64;39
;ABS2082-100001;PKG;;;;;2014;205;255;212;372;445;978;178;264;472;40
;ABS2086-000201;PKG;;;;;;;;;;;;;9;15;
;ABS2087-000201;PKG;;;;;;;;;;;;;;8;
;ABS2088-000201;PKG;;;;;;;;;;;;;3;1;
;ABS2089-000201;INV;;;;;;;;;;;;;;4;
;ABS2089-000201;PKG;;;;;;;;;;;;;;10;
;ABS2150-000401;INV;590;1108;1060;1149;32;;;;;;;;;;
;ABS2150-000401;PKG;962;1614;1022;1331;218;;;;;;;;;;
;ABS2150-120001;INV;150;172;176;162;199;3;23;6;22;17;60;36;7;7;
;ABS2150-120001;PKG;;;;;2233;134;235;166;216;277;366;187;152;119;12
;ABS2152-000101;INV;18;;;;;;;;;;;;;;
;ABS2152-000101;PKG;1;;;;;;;;;;;;;;
;ABS2152-101501;INV;1;6;;;;;;;;;;;;;
;ABS2152-120001;INV;11;0;;;;;;;;;;;;;
;ABS2152-120101;INV;1;;;;;;;;;;;;;;
;ABS2152-120201;INV;;3;;;;;;;;;;;;;
;ABS2152-200901;INV;;;;;1;;;;;;;;;;
;ABS2152-201101;INV;;;1;;;;;;;;;;;;
;ABS2153-000101;INV;15;;;;;;;;;;;;;;
;ABS2153-000101;PKG;1;;;;;;;;;;;;;;
;ABS2153-100301;INV;1;;;;;;;;;;;;;;
;ABS2153-100401;INV;2;5;1;1;;;;;;;;;;;
;ABS2153-120001;INV;;1;;;;;;;;;;;;;
;ABS2153-120201;INV;-1;;-1;;;;;;;;;;;;
;ABS2153-120201;PKG;1;;;;;;;;;;;;;;
;ABS2154-000101;INV;81;;;;;;;;;;;3;;;
;ABS2154-000101;PKG;1;;;;;;;;;;;;;;
;ABS2154-190401;INV;;;;;1;;;;;;;;;;
;ABS2155-000201;INV;;;9;14;3;;;;;;;;;;
;ABS2155-000201;PKG;;101;432;183;75;;;;;;;;;;
;ABS2155-000301;INV;;1;43;24;-3;;;;;;;;;;
;ABS2155-000301;PKG;;245;697;356;62;;;;;;;;;;
;ABS2155-100001;INV;;6;;;;;;;;;;;;;
;ABS2170-100001;INV;;;;;0;;;0;;;1;1;;;
;ABS2170-100001;PKG;;;;;2233;134;235;166;216;277;366;187;152;119;12
;ABS2171-000101;INV;;;;;18;5;;7;4;2;20;1;4;3;
;ABS2171-000101;PKG;;;;;231;10;21;18;26;18;28;19;16;28;1
;ABS2172-000101;INV;;;;;24;5;3;1;1;;7;;;1;
;ABS2172-000101;PKG;;;;;306;11;19;42;22;56;27;31;45;34;
;ABS2302-000101;INV;;;10;5;3;;;3;;;;1;1;;
;ABS2302-000101;PKG;;;;41;11;2;4;1;;;;;;;
;ABS2303-000101;INV;;;8;2;5;1;;;;;;;;;
;ABS2303-000101;PKG;;;8;15;11;;2;;;;;;;2;
;ABS2350-204401;INV;1;1;3;3;2;;1;2;;;;;;;
;ABS2362-195001;INV;;;;2;;;;;;;;;;;
;ABSPE10B020001;INV;-1;-1;-1;;;;;;;;;;;;
;ABSPE10B020001;PKG;23;47;44;30;34;;5;2;4;1;1;4;;1;
;ABSPE11B039201;INV;1;19;23;2;1;;;;;;;;;;
;ABSPE11B039201;PKG;64;89;97;79;73;5;6;5;13;3;1;7;3;2;
;ABSPE11B050101;INV;;-1;;-4;-1;;;;;;;;;;
;ABSPE11B050101;PKG;41;46;53;49;39;5;1;3;9;2;;3;3;1;
;ABSPE13B031001;INV;1;2;;;;;;;;;;;;;
;ABSSP10P110001;INV;7;4;10;7;7;4;1;4;;1;;;;;
;ABSSP11B030401;INV;;;5;8;5;;;;;;;;1;-1;
;ABSSP12P015001;INV;165;175;199;162;147;1;5;1;6;9;17;9;2;8;3
;ABSSP12P015001;PKG;10;1;;;299;11;21;35;34;17;47;31;23;26;1
;ABSST10P160001;INV;-1;;;;;;;;;;;;;;
;ABSST10P170001;INV;14;;;1;;;;;;;;;;;
;ABSST10P170001;PKG;211;7;;;;;;;;;;;;;
;ABSST14P090001;INV;;;;;;;;;;;28;22;;;
;ABSST16P040001;INV;3;23;11;6;7;1;;;;2;;2;;1;
;ABSVE15B010101;INV;;;1;;;;;;;;;;;;
;ABSVE16B020101;INV;2;4;3;;3;;;;;;;;1;;
;ABSVE17B010101;INV;6;8;5;;15;;;;;;1;2;;;
;ABSW-DONGLE01;INV;2;9;0;1;4;;;;;;;;;;
;ABSW-DONGLE01;PKG;92;108;85;41;13;;;;;;;;;;
;ABSZU10E380101;PKG;5;5;7;6;15;;;;;1;;;;;
;ABSZU10P010001;INV;5;4;;;;;;;;;;;;;
;ABSZU11P010001;INV;;;;1;;;;;;;;;;;
;ABSZU11P010001;PKG;;;;2;3;;;;;;2;2;2;;
;ABTAG-BLUE01;INV;-1;0;;0;1;;;;;;;;;;
;ABTAG-BLUE01;PKG;48;69;49;22;;;;;;;;;;;
;ABTAG-RED01;INV;-3;-3;-2;;;;;;;;;;;;
;ABTAG-RED01;PKG;34;35;28;15;5;;;;;;;;;;
;ABTALLYPLUS01;INV;;;;1;;;;;;;;;;;
;ABTALLYPLUS-201;INV;4;;;;;;;;;;;;;;
;ABTC-EPIC17-OB01;INV;1;;;;;;;;;;;;;;
;ABTJ-15B-SP-BK01;INV;11;27;6;12;4;;;1;;;1;;1;;
;ABTJ-15B-SP-S-BK01;INV;4;;;;;;;;;;;;;;
;ABTR-1201;INV;13;10;11;5;3;;;;;;;;;;
;ABTR-1201;PKG;45;32;67;30;41;1;;;;;7;;4;1;1
;ABTR-501;INV;10;5;4;-2;;;;;;;;;;;
;ABTR-501;PKG;70;67;95;;;1;;;;;;;;;
;ABTR-701;INV;;1;;1;4;;;;;;3;3;;;
;ABTR-701;PKG;;;;49;56;9;7;3;;24;11;2;3;;
;ABU005-16101;INV;;;;;1;;;;;;;;;;
;ABU005-16201;INV;;;1;;1;;;;;;;;;;
;ABU005-16301;INV;1;1;0;;;;;;;;4;;;;
;ABU005-16401;INV;;;;1;;;;;;;;;;;
;ABU005-16501;INV;;1;;;2;;;;;;;;;;
;ABU005-16701;INV;1;;;;;;;;;;;;;;
;ABU005-16801;INV;;;;;1;;;;;;;;;;
;ABU005-17001;INV;1;3;1;;;;;;;;;;;;
;ABUSB-BLUE01;INV;-1;5;;0;1;;;;;;;;;;
;ABUSB-BLUE01;PKG;49;69;49;22;;;;;;;;;;;
;ABUSB-GREEN01;INV;-5;-1;;;-1;;;;;;;;;;
;ABUSB-GREEN01;PKG;486;22;24;5;8;;;;;;;;;;
;ABUSB-RED01;INV;-3;-3;-4;;;;;;;;;;;;
;ABUSB-RED01;PKG;34;35;32;15;5;;;;;;;;;;
;ABV3850-000101;INV;1;;;;;;;;;;;;;;
;ABV3852-000301;INV;21;33;45;50;6;;;;;5;2;3;5;1;
;ABV3852-000401;INV;4;;3;6;;;;;;;;;;;
;ABV3950-000101;INV;7;21;6;;;;;;;;;;;;
;ABV3950-000101;PKG;;2;;;;;;;;;;;;;
;ABV3951-100001;INV;1;-3;-3;;;;;;;;;;;;
;ABV3951-100001;PKG;34;51;32;;;;;;;;;;;;
;ABV3955-000101;INV;34;40;8;37;12;;;;;;;2;;;
;ABV3955-000101;PKG;35;54;38;15;10;;;9;5;3;2;;;1;
;ABV3955-000201;INV;16;21;66;8;25;;1;;;;;;;;
;ABV3955-000201;PKG;8;18;12;;;4;;;;10;;;1;;
;ABV3955-000301;INV;62;8;7;1;8;;;;;1;;;;;
;ABV3963-000201;INV;15;12;28;13;14;;;;;;4;;3;;
;ABV3963-000301;INV;3;3;;15;6;;;;;;;;;;
;ABV3980-5014-907501;INV;4;9;4;;;;;;;;;;;;
;ABV3980-5014-925001;INV;3;;3;1;;;;;;;;;;;
;ABV3980-5020-907501;INV;3;0;3;;;;;;;;;;;;
;ABV3980-5020-925001;INV;3;;2;1;;;;;;;;;;;
;ABV3980-5029-907501;INV;1;0;;;;;;;;;;;;;
;ABV3980-5029-925001;INV;2;;1;;;;;;;;;;;;
;ABV3980-5052-907501;INV;;;1;;1;;;;;;;;;;
;ABV3996-000101;INV;17;16;24;39;37;;2;1;;6;7;;;;
;ABV4002-000201;INV;6;6;4;5;;;;;;;;;;;
;ABV4006-000101;INV;44;79;87;115;34;;3;;;;;;;1;
;ABV4006-190001;INV;1;2;1;;1;;1;;;;;;;;
;ABV4006-190601;INV;;;;1;1;;;;;;;;;;
;ABV4006-190801;INV;;1;;;;;;;;;;;;;
;ABV4034-000101;INV;113;187;386;185;252;1;59;50;64;58;14;20;27;7;
;ABV4034-000201;INV;21;45;13;31;12;3;3;8;;1;3;1;;5;
;ABV4034-000301;INV;4;;;;;;;;;;;;;;
;ABV4043-190001;INV;15;9;1;4;;;;;;;;6;;;
;ABV4043-190101;INV;109;179;112;93;90;4;7;2;14;9;13;7;9;5;2
;ABV4043-190301;INV;3;;2;1;2;;;;;;;;;;
;ABV4045-000101;INV;20;13;5;3;9;;;;2;;3;2;2;3;
;ABV4045-000101;PKG;63;46;23;24;10;2;2;2;;;;;2;;1
;ABV4045-190101;INV;49;70;26;43;49;;11;1;4;3;4;;1;2;
;ABV4046-000101;INV;15;9;6;7;12;;2;;;1;1;;;;1
;ABV4046-000101;PKG;38;26;23;28;15;;2;10;;;;2;2;;
;ABV4080-101001;INV;1;3;2;;;;;;;;;;;;
;ABV4080-101001;PKG;3;7;;;;;;;;;;;;;
;ABV4080-190401;INV;;;;1;;;;;;;;;;;
;ABV4086-000101;INV;51;38;33;33;30;;1;1;;6;3;;3;1;
;ABV4086-000101;PKG;113;73;85;67;45;2;29;21;44;5;2;8;5;14;
;ABV4087-000101;INV;;3;;4;4;;;;;;;;;;
;ABV4092-000101;INV;14;35;20;28;20;;2;1;1;1;;;4;;
;ABV4092-000101;PKG;158;225;170;124;99;;8;;1;7;11;5;;5;
;ABV4095-000101;INV;82;105;138;157;79;2;6;;6;4;13;2;7;;
;ABV4095-000101;PKG;;5;;;;;;;;;;;;;
;ABV4095-190001;INV;;;;1;3;;;;;;;;;;
;ABV4105-000101;INV;23;26;25;15;11;;6;2;2;;2;3;3;6;
;ABV4105-000101;PKG;139;141;153;85;84;4;5;2;15;13;2;3;3;1;
;ABV4106-000101;INV;7;25;8;23;2;;;;;1;2;;;;
;ABV4106-000101;PKG;72;58;102;36;48;1;1;2;7;3;2;;5;2;
;ABV4106-100301;INV;8;14;14;6;11;1;-2;;0;;;;;;
;ABV4106-100301;PKG;74;51;71;52;40;1;2;2;2;7;2;3;5;1;
;ABV4150-000101;INV;2;-1;;;;;;;;;;;;;
;ABV4150-000101;PKG;321;116;;4;;;;;;;;;;;
;ABV4150-000401;INV;;-1;4;;-7;;;;;;;;;;
;ABV4150-000401;PKG;;222;321;140;173;5;7;2;21;9;9;;3;4;
;ABV4150-110001;INV;6;1;3;2;0;;;;;;2;;;1;
;ABV4150-110001;PKG;50;61;14;10;23;1;;;;;6;;;;
;ABV4150-185001;INV;4;6;4;4;0;;1;2;-1;;2;;;3;
;ABV4150-185001;PKG;238;297;310;262;252;7;18;16;23;23;15;10;12;8;1
;ABV4150-190001;INV;;1;;4;;;;;;;;;;;
;ABV4151-100101;INV;26;41;28;27;14;4;-2;1;5;;3;3;6;12;4
;ABV4151-100101;PKG;211;192;203;116;97;;;;;;;;;;
;ABV4154-000101;INV;11;;;;;;;;;;;;;;
;ABV4154-190001;INV;3;;1;;;;;;;;;;;;
;ABV4158-100001;INV;;;;;1;3;;4;1;;1;2;;;2
;ABV4158-100001;PKG;;;;;24;4;8;3;20;12;8;6;1;2;
;ABV4160-000101;INV;-5;;-1;;0;;;;;;;;;;
;ABV4160-000101;PKG;124;131;115;83;73;9;3;7;2;5;4;;6;2;
;ABV4160-107001;INV;-12;-6;-3;;;;;;;;;;;;
;ABV4160-107001;PKG;80;17;;;;;;;;;;;;;
;ABV4160-190201;INV;;;;;1;;8;3;5;9;3;;;;
;ABV4161-000101;INV;3;2;7;3;1;;1;;1;;;;;;
;ABV4161-000101;PKG;52;56;74;34;28;8;1;7;;5;4;;4;1;
;ABV4162-000101;INV;-2;13;3;14;2;;1;;;2;1;;1;;
;ABV4162-000101;PKG;198;248;178;107;139;2;5;1;2;4;1;;3;4;
;ABV4162-107001;INV;11;13;4;-5;10;3;3;;7;;3;2;3;6;
;ABV4162-107001;PKG;1046;1266;1746;687;525;39;24;36;63;39;60;12;27;21;
;ABV4169-100001;INV;;;;-1;-1;;;;;;;;;;
;ABV4169-100001;PKG;;;11;80;66;5;8;2;7;15;20;5;;7;
;ABV4170-000101;INV;;;28;87;38;5;0;;;2;5;7;3;;
;ABV4170-000101;PKG;;;18;57;60;1;6;6;14;;4;1;1;3;2
;ABV4170-000201;INV;;;8;18;5;;;;;;;;;1;
;ABV4170-000201;PKG;;;;;;;;;;;;;1;;
;ABV4171-000101;INV;;;4;34;19;;;;;2;;2;1;;
;ABV4171-000101;PKG;;;;;2;;;2;4;2;1;;;2;
;ABV4171-000201;INV;;;3;6;3;;;;;;;;;;
;ABV4171-000201;PKG;;;;;;;;;;;;;;1;
;ABV4172-000101;INV;;;93;50;46;;;5;;;10;;4;;3
;ABV4172-000101;PKG;;;;;;;;3;4;;;;;;
;ABV4172-000201;INV;;;5;17;11;;;;1;;;3;9;1;2
;ABV4172-101101;PKG;;;5;24;31;3;8;3;;13;20;5;;7;
;ABV4173-000101;INV;;;15;32;6;;;;;;;;1;1;
;ABV4174-100001;INV;;;;-1;-1;;;;;;;;;;
;ABV4174-100001;PKG;;;11;80;66;5;8;2;7;15;20;5;;7;
;ABV4175-100301;INV;;;;;;;;;;;;1;1;;
;ABV4177-000101;INV;;;;;33;28;2;7;13;4;7;5;16;6;2
;ABV4177-000101;PKG;;;;;16;1;25;19;22;8;14;5;17;34;3
;ABV4177-101201;INV;;;;;32;28;1;2;14;3;6;2;14;10;3
;ABV4177-101201;PKG;;;;;16;1;25;19;22;8;14;5;17;34;3
;ABV4177-185101;PKG;;;;;27;1;15;11;;7;9;5;20;15;1
;ABV4177-185201;PKG;;;;;50;;30;18;;14;18;10;40;28;2
;ABWSC-RAT-A01;INV;10;;;;;;;;;;;;;;
;ABWSC-RAT-A01;PKG;11;;;;;;;;;;;;;;
;ABWSC-REC01;INV;1;-6;;;;;;;;;;;;;
;ABWSC-REC01;PKG;25;2;;1;;;;;;;;;;;
;ABWSC-REC-A01;INV;1;;;;;;;;;;;;;;
;ABWSC-REC-A01;PKG;11;;;;;;;;;;;;;;
